"","teamName","Wk","Rec","FBS","FEI","FEI_Rk","OFEI","OFEI_Rk","DFEI","DFEI_Rk","SFEI","SFEI_Rk"
"1","Air Force","0","0-0","0-0",-0.27,86,-0.17,81,-0.02,83,-0.08,128
"2","Air Force","1","1-0","0-0",-0.27,89,-0.17,82,-0.02,80,-0.08,127
"3","Air Force","2","1-0","0-0",-0.27,84,-0.17,84,-0.02,81,-0.08,122
"4","Air Force","3","1-1","0-1",-0.44,97,-0.17,85,-0.18,105,-0.07,120
"5","Air Force","4","1-2","0-2",-0.45,101,-0.02,57,-0.34,123,-0.08,123
"6","Air Force","5","1-3","0-3",-0.53,103,0.08,49,-0.5,129,-0.09,124
"7","Air Force","6","1-4","0-4",-0.5,99,0.17,35,-0.55,132,-0.12,129
"8","Akron","0","0-0","0-0",-0.84,126,-0.48,122,-0.35,123,0.01,58
"9","Akron","1","0-1","0-1",-0.85,125,-0.57,132,-0.28,121,0.01,55
"10","Akron","2","0-2","0-2",-1.02,131,-0.57,129,-0.38,125,-0.05,112
"11","Akron","3","0-3","0-3",-0.99,131,-0.55,129,-0.34,122,-0.09,126
"12","Akron","4","1-3","0-3",-1,132,-0.58,133,-0.33,122,-0.09,125
"13","Akron","5","1-4","0-4",-1.12,134,-0.59,132,-0.42,125,-0.1,128
"14","Akron","6","2-4","1-4",-1.07,133,-0.49,125,-0.43,128,-0.13,132
"15","Alabama","0","0-0","0-0",1.09,5,0.43,5,0.59,6,0.09,6
"16","Alabama","1","0-1","0-1",0.85,8,0.36,9,0.41,17,0.09,6
"17","Alabama","2","1-1","1-1",0.99,7,0.46,5,0.42,15,0.12,4
"18","Alabama","3","2-1","2-1",1.15,4,0.62,3,0.46,10,0.08,15
"19","Alabama","4","2-1","2-1",1.16,4,0.62,4,0.48,9,0.07,16
"20","Alabama","5","3-1","3-1",1.19,3,0.66,4,0.49,9,0.05,22
"21","Alabama","6","4-1","4-1",1.26,4,0.67,4,0.53,6,0.05,29
"22","Appalachian State","0","0-0","0-0",-0.34,94,-0.08,64,-0.23,114,-0.04,107
"23","Appalachian State","1","1-0","1-0",-0.23,86,-0.04,59,-0.17,109,-0.04,108
"24","Appalachian State","2","2-0","1-0",-0.23,83,-0.03,61,-0.18,108,-0.05,111
"25","Appalachian State","3","2-1","1-1",-0.5,105,-0.18,88,-0.31,118,-0.05,110
"26","Appalachian State","4","2-1","1-1",-0.51,105,-0.19,86,-0.31,118,-0.05,108
"27","Appalachian State","5","2-2","1-2",-0.62,112,-0.27,96,-0.34,119,-0.04,104
"28","Appalachian State","6","3-2","2-2",-0.62,109,-0.27,97,-0.36,119,-0.01,75
"29","Arizona","0","0-0","0-0",-0.23,84,-0.07,63,-0.14,104,-0.01,75
"30","Arizona","1","1-0","1-0",-0.1,72,-0.05,60,-0.03,82,0,70
"31","Arizona","2","2-0","1-0",-0.08,73,-0.04,63,-0.03,82,0,68
"32","Arizona","3","3-0","2-0",0.06,60,-0.01,54,0.13,48,-0.05,109
"33","Arizona","4","3-0","2-0",0.06,59,0,54,0.11,50,-0.04,103
"34","Arizona","5","3-1","2-1",0.01,65,-0.01,58,0.08,53,-0.05,111
"35","Arizona","6","4-1","3-1",0.13,55,-0.02,62,0.22,39,-0.07,116
"36","Arizona State","0","0-0","0-0",0.5,27,0.28,14,0.24,34,-0.03,97
"37","Arizona State","1","1-0","0-0",0.5,29,0.28,14,0.24,35,-0.03,96
"38","Arizona State","2","1-1","0-1",0.4,36,0.18,24,0.23,38,-0.03,100
"39","Arizona State","3","2-1","1-1",0.53,26,0.23,24,0.3,28,-0.03,90
"40","Arizona State","4","3-1","2-1",0.54,27,0.21,27,0.34,26,-0.03,90
"41","Arizona State","5","4-1","3-1",0.6,24,0.21,26,0.4,20,-0.03,101
"42","Arizona State","6","4-1","3-1",0.57,27,0.19,32,0.38,25,-0.03,93
"43","Arkansas","0","0-0","0-0",0.24,43,0.04,43,0.2,42,0.01,61
"44","Arkansas","1","1-0","0-0",0.24,42,0.04,48,0.2,42,0.01,62
"45","Arkansas","2","2-0","1-0",0.32,40,0.11,36,0.24,36,-0.03,96
"46","Arkansas","3","2-1","1-1",0.38,33,0.31,16,0.12,51,-0.05,106
"47","Arkansas","4","2-2","1-2",0.36,33,0.32,19,0.05,60,-0.02,87
"48","Arkansas","5","2-3","1-3",0.22,46,0.31,21,-0.1,90,0.01,56
"49","Arkansas","6","2-3","1-3",0.25,44,0.33,20,-0.09,86,0.01,58
"50","Arkansas State","0","0-0","0-0",-0.67,119,-0.24,95,-0.43,129,0,69
"51","Arkansas State","1","1-0","0-0",-0.67,118,-0.24,92,-0.43,127,0,68
"52","Arkansas State","2","1-1","0-1",-0.75,121,-0.27,98,-0.51,131,0.03,40
"53","Arkansas State","3","1-2","0-2",-0.64,112,-0.25,96,-0.46,130,0.06,20
"54","Arkansas State","4","1-3","0-3",-0.74,116,-0.3,101,-0.5,131,0.05,30
"55","Arkansas State","5","1-4","0-4",-0.82,123,-0.41,112,-0.51,130,0.08,6
"56","Arkansas State","6","2-4","1-4",-0.76,119,-0.41,115,-0.44,130,0.08,14
"57","Army","0","0-0","0-0",0.29,40,0.22,19,0.07,64,0.01,51
"58","Army","1","0-1","0-0",0.29,40,0.22,19,0.07,64,0.01,56
"59","Army","2","1-1","1-0",0.35,39,0.28,15,0.09,56,-0.02,91
"60","Army","3","1-1","1-0",0.33,41,0.28,20,0.07,61,-0.02,77
"61","Army","4","1-2","1-1",0.22,46,0.26,23,0.01,71,-0.04,99
"62","Army","5","1-3","1-2",0.05,61,0.14,38,-0.05,82,-0.04,103
"63","Army","6","2-3","2-2",0.04,63,0.05,48,-0.04,76,0.03,45
"64","Auburn","0","0-0","0-0",0.38,35,0,54,0.35,22,0.01,53
"65","Auburn","1","1-0","1-0",0.48,31,0.11,31,0.31,26,0.05,23
"66","Auburn","2","2-0","2-0",0.53,26,0.14,31,0.37,21,0.03,35
"67","Auburn","3","3-0","3-0",0.59,20,0.23,25,0.32,25,0.05,32
"68","Auburn","4","3-1","3-1",0.57,23,0.21,26,0.35,23,0.02,57
"69","Auburn","5","3-2","3-2",0.58,26,0.11,45,0.45,12,0.02,47
"70","Auburn","6","3-2","3-2",0.62,23,0.14,41,0.46,12,0.03,40
"71","Ball State","0","0-0","0-0",-0.71,120,-0.34,107,-0.36,125,-0.01,78
"72","Ball State","1","0-1","0-1",-0.89,126,-0.4,112,-0.44,128,-0.03,97
"73","Ball State","2","0-2","0-2",-0.94,125,-0.46,118,-0.47,129,-0.02,85
"74","Ball State","3","1-2","0-2",-0.93,128,-0.46,120,-0.46,131,-0.02,75
"75","Ball State","4","1-3","0-3",-0.94,130,-0.41,113,-0.52,132,-0.03,93
"76","Ball State","5","1-3","0-3",-0.94,130,-0.39,108,-0.54,133,-0.03,96
"77","Ball State","6","2-3","1-3",-0.76,120,-0.34,104,-0.4,122,-0.03,97
"78","Baylor","0","0-0","0-0",0.43,31,0.16,26,0.15,51,0.09,7
"79","Baylor","1","0-1","0-1",0.32,36,0.2,20,0.03,69,0.05,24
"80","Baylor","2","1-1","1-1",0.37,38,0.31,13,0,77,0.03,46
"81","Baylor","3","2-1","1-1",0.36,37,0.3,17,0,76,0.03,48
"82","Baylor","4","2-2","1-2",0.35,35,0.29,21,0.01,70,0.02,54
"83","Baylor","5","3-2","2-2",0.35,36,0.35,15,-0.04,81,0.01,57
"84","Baylor","6","4-2","3-2",0.33,39,0.37,14,-0.09,85,0.03,42
"85","Boise State","0","0-0","0-0",0.45,28,0.24,18,0.27,33,-0.03,100
"86","Boise State","1","0-1","0-1",0.17,47,0.05,45,0.16,50,-0.04,102
"87","Boise State","2","1-1","0-1",0.19,47,0.06,47,0.17,43,-0.04,104
"88","Boise State","3","1-1","0-1",0.18,52,0.06,47,0.17,45,-0.04,101
"89","Boise State","4","2-1","1-1",0.15,53,0.18,33,0.01,69,-0.03,94
"90","Boise State","5","3-1","2-1",0.23,45,0.18,31,0.08,54,-0.04,107
"91","Boise State","6","3-2","2-2",0.2,50,0.14,40,0.07,58,-0.04,100
"92","Boston College","0","0-0","0-0",0.04,61,-0.06,60,0.16,49,-0.04,105
"93","Boston College","1","1-0","0-0",0.04,62,-0.06,65,0.16,52,-0.04,101
"94","Boston College","2","1-1","0-1",0.01,65,0.04,50,0.04,68,-0.04,105
"95","Boston College","3","1-2","0-2",-0.11,72,-0.04,61,-0.02,82,-0.05,103
"96","Boston College","4","1-2","0-2",-0.12,73,-0.07,66,0,73,-0.05,106
"97","Boston College","5","1-3","0-3",-0.14,74,-0.06,63,-0.07,86,-0.02,93
"98","Boston College","6","1-4","0-4",-0.39,90,-0.16,77,-0.21,99,-0.04,99
"99","Bowling Green","0","0-0","0-0",-0.43,101,-0.36,111,-0.01,79,-0.05,114
"100","Bowling Green","1","1-0","0-0",-0.43,99,-0.36,109,-0.01,77,-0.05,114
"101","Bowling Green","2","1-1","0-1",-0.46,100,-0.3,100,-0.09,92,-0.06,116
"102","Bowling Green","3","2-1","1-1",-0.39,93,-0.33,102,-0.02,81,-0.03,97
"103","Bowling Green","4","2-2","1-2",-0.45,98,-0.4,111,0,74,-0.07,115
"104","Bowling Green","5","2-3","1-3",-0.47,100,-0.43,114,-0.02,77,-0.03,99
"105","Bowling Green","6","2-3","1-3",-0.49,98,-0.43,116,-0.04,78,-0.03,94
"106","Buffalo","0","0-0","0-0",-0.39,97,-0.37,112,-0.01,81,0,68
"107","Buffalo","1","0-1","0-1",-0.35,96,-0.35,107,0.03,71,-0.03,90
"108","Buffalo","2","1-1","0-1",-0.35,94,-0.35,108,0.03,70,-0.03,92
"109","Buffalo","3","2-1","1-1",-0.51,106,-0.41,113,-0.06,86,-0.02,89
"110","Buffalo","4","2-2","1-2",-0.55,109,-0.44,116,-0.07,88,-0.04,104
"111","Buffalo","5","2-3","1-3",-0.59,111,-0.48,124,-0.08,88,-0.03,100
"112","Buffalo","6","3-3","2-3",-0.61,108,-0.48,124,-0.12,89,-0.01,79
"113","BYU","0","0-0","0-0",0.54,25,0.15,27,0.3,28,0.06,20
"114","BYU","1","1-0","0-0",0.54,26,0.15,27,0.3,27,0.06,19
"115","BYU","2","2-0","1-0",0.58,21,0.07,45,0.4,18,0.08,13
"116","BYU","3","2-0","1-0",0.59,19,0.09,41,0.4,15,0.08,14
"117","BYU","4","3-0","2-0",0.63,21,0.1,44,0.43,13,0.08,10
"118","BYU","5","4-0","3-0",0.62,21,0.13,40,0.41,19,0.07,14
"119","BYU","6","5-0","4-0",0.64,21,0.16,37,0.43,17,0.04,33
"120","California","0","0-0","0-0",0.07,55,-0.18,83,0.23,36,-0.01,76
"121","California","1","1-0","1-0",0.16,49,-0.18,83,0.28,31,0.03,44
"122","California","2","2-0","1-0",0.15,51,-0.17,86,0.28,32,0.01,59
"123","California","3","3-0","2-0",0.26,44,-0.12,73,0.28,33,0.07,19
"124","California","4","3-1","2-1",-0.02,66,-0.29,99,0.23,38,0.02,52
"125","California","5","4-1","3-1",0,67,-0.23,93,0.2,39,0,60
"126","California","6","4-2","3-2",-0.11,71,-0.25,94,0.14,47,-0.01,82
"127","Central Michigan","0","0-0","0-0",-0.73,122,-0.49,123,-0.19,109,-0.05,115
"128","Central Michigan","1","1-0","1-0",-0.65,115,-0.48,122,-0.12,100,-0.05,110
"129","Central Michigan","2","1-1","1-1",-0.69,116,-0.45,115,-0.21,111,-0.04,106
"130","Central Michigan","3","1-2","1-2",-0.85,125,-0.45,118,-0.37,125,-0.02,84
"131","Central Michigan","4","2-2","1-2",-0.85,125,-0.46,119,-0.37,125,-0.02,86
"132","Central Michigan","5","3-2","2-2",-0.78,119,-0.39,107,-0.36,121,-0.02,91
"133","Central Michigan","6","3-3","2-3",-0.83,123,-0.4,113,-0.42,126,-0.01,74
"134","Charlotte","0","0-0","0-0",-0.74,123,-0.33,106,-0.43,128,0.01,55
"135","Charlotte","1","0-1","0-1",-0.84,124,-0.39,111,-0.47,129,0.01,57
"136","Charlotte","2","0-2","0-2",-0.87,124,-0.46,119,-0.39,126,-0.02,89
"137","Charlotte","3","1-2","0-2",-0.91,127,-0.48,122,-0.41,127,-0.02,85
"138","Charlotte","4","1-3","0-3",-0.96,131,-0.5,125,-0.46,128,-0.02,84
"139","Charlotte","5","1-3","0-3",-0.97,131,-0.5,129,-0.47,128,-0.01,75
"140","Charlotte","6","1-4","0-4",-1.03,131,-0.59,133,-0.43,129,-0.01,73
"141","Cincinnati","0","0-0","0-0",0.24,45,0.03,44,0.21,40,-0.01,79
"142","Cincinnati","1","0-1","0-1",0.23,43,0.04,47,0.2,43,-0.01,76
"143","Cincinnati","2","1-1","1-1",0.29,42,0.12,35,0.16,45,0.01,62
"144","Cincinnati","3","2-1","1-1",0.3,43,0.13,34,0.16,46,0.01,61
"145","Cincinnati","4","2-1","1-1",0.3,43,0.13,39,0.16,41,0.01,61
"146","Cincinnati","5","3-1","2-1",0.34,37,0.25,25,0.07,58,0.03,43
"147","Cincinnati","6","4-1","3-1",0.43,35,0.34,18,0.04,66,0.07,17
"148","Clemson","0","0-0","0-0",0.73,12,0.25,17,0.47,11,0,73
"149","Clemson","1","0-1","0-1",0.68,13,0.16,26,0.51,8,0,65
"150","Clemson","2","1-1","1-1",0.59,18,0.07,44,0.51,9,0.01,56
"151","Clemson","3","1-2","1-2",0.5,28,0.08,43,0.45,12,-0.02,87
"152","Clemson","4","1-3","1-3",0.34,36,0.02,52,0.37,20,-0.05,111
"153","Clemson","5","1-3","1-3",0.3,43,0.01,56,0.34,26,-0.04,108
"154","Clemson","6","2-3","2-3",0.42,36,0.08,46,0.35,26,-0.02,86
"155","Coastal Carolina","0","0-0","0-0",-0.34,96,-0.13,74,-0.12,100,-0.08,126
"156","Coastal Carolina","1","0-1","0-1",-0.56,108,-0.22,91,-0.22,112,-0.11,132
"157","Coastal Carolina","2","1-1","0-1",-0.56,106,-0.24,94,-0.2,110,-0.11,131
"158","Coastal Carolina","3","1-2","0-2",-0.74,117,-0.38,109,-0.26,116,-0.09,127
"159","Coastal Carolina","4","2-2","1-2",-0.58,112,-0.38,106,-0.14,95,-0.08,121
"160","Coastal Carolina","5","2-2","1-2",-0.55,105,-0.36,104,-0.11,92,-0.08,119
"161","Coastal Carolina","6","2-3","1-3",-0.74,117,-0.45,120,-0.22,103,-0.08,121
"162","Colorado","0","0-0","0-0",0.17,48,-0.02,57,0.22,37,-0.02,87
"163","Colorado","1","0-1","0-1",0.12,52,-0.03,58,0.17,49,-0.02,82
"164","Colorado","2","1-1","1-1",0.14,53,-0.01,57,0.15,48,0.01,58
"165","Colorado","3","1-2","1-2",0.04,64,-0.03,59,0.1,53,-0.03,98
"166","Colorado","4","2-2","2-2",0.09,57,0.09,48,0.02,65,-0.04,100
"167","Colorado","5","2-3","2-3",0.11,55,0.14,39,-0.03,79,-0.02,94
"168","Colorado","6","2-4","2-4",0.1,56,0.16,39,-0.05,81,-0.05,105
"169","Colorado State","0","0-0","0-0",-0.49,103,-0.43,117,-0.05,87,-0.01,77
"170","Colorado State","1","0-1","0-1",-0.49,103,-0.35,106,-0.14,105,0,63
"171","Colorado State","2","1-1","0-1",-0.49,102,-0.35,107,-0.14,102,0,65
"172","Colorado State","3","1-1","0-1",-0.49,103,-0.35,104,-0.14,99,0,65
"173","Colorado State","4","1-2","0-2",-0.45,99,-0.38,107,-0.07,89,-0.01,72
"174","Colorado State","5","1-3","0-3",-0.55,107,-0.45,118,-0.1,89,-0.02,87
"175","Colorado State","6","1-4","0-4",-0.73,115,-0.39,111,-0.33,117,-0.03,95
"176","Connecticut","0","0-0","0-0",-0.55,108,-0.43,116,-0.07,91,-0.04,106
"177","Connecticut","1","1-0","0-0",-0.55,107,-0.43,114,-0.07,88,-0.04,103
"178","Connecticut","2","1-1","0-1",-0.48,101,-0.45,116,0.02,71,-0.04,102
"179","Connecticut","3","1-2","0-2",-0.57,109,-0.37,106,-0.17,103,-0.02,86
"180","Connecticut","4","2-2","1-2",-0.53,106,-0.3,100,-0.21,102,0,66
"181","Connecticut","5","3-2","2-2",-0.55,106,-0.3,101,-0.21,102,-0.01,69
"182","Connecticut","6","4-2","3-2",-0.34,84,-0.19,86,-0.14,90,0,64
"183","Delaware","0","0-0","0-0",-1,129,-0.5,124,-0.5,131,0,65
"184","Delaware","1","1-0","0-0",-1,129,-0.5,124,-0.5,131,0,67
"185","Delaware","2","1-1","0-1",-1.03,132,-0.48,122,-0.52,133,-0.03,95
"186","Delaware","3","2-1","1-1",-0.94,129,-0.29,98,-0.6,134,-0.06,113
"187","Delaware","4","3-1","2-1",-0.75,117,-0.2,88,-0.54,133,-0.01,81
"188","Delaware","5","3-1","2-1",-0.75,117,-0.2,88,-0.53,132,-0.01,82
"189","Delaware","6","3-2","2-2",-0.73,113,-0.18,83,-0.5,131,-0.04,104
"190","Duke","0","0-0","0-0",-0.01,66,-0.25,96,0.21,39,0.02,44
"191","Duke","1","1-0","0-0",-0.01,68,-0.25,94,0.21,40,0.02,53
"192","Duke","2","1-1","0-1",-0.1,74,-0.19,90,0.08,59,-0.01,72
"193","Duke","3","1-2","0-2",-0.08,69,-0.11,72,0.03,71,-0.02,88
"194","Duke","4","2-2","1-2",-0.04,68,0,56,-0.05,84,-0.01,69
"195","Duke","5","3-2","2-2",0.15,52,0.09,48,0.08,56,-0.02,95
"196","Duke","6","4-2","3-2",0.25,45,0.19,30,0.04,65,0,68
"197","East Carolina","0","0-0","0-0",-0.33,93,-0.28,100,-0.08,94,0,70
"198","East Carolina","1","0-1","0-1",-0.32,93,-0.28,101,-0.1,96,0.02,48
"199","East Carolina","2","1-1","0-1",-0.32,90,-0.3,99,-0.07,91,0.02,52
"200","East Carolina","3","2-1","1-1",-0.15,78,-0.24,93,0.06,63,0,68
"201","East Carolina","4","2-2","1-2",-0.16,75,-0.24,92,0.05,61,-0.01,73
"202","East Carolina","5","3-2","2-2",0.03,62,-0.18,84,0.18,43,-0.02,92
"203","East Carolina","6","3-2","2-2",0.01,66,-0.19,84,0.17,44,-0.02,89
"204","Eastern Michigan","0","0-0","0-0",-0.6,114,-0.36,110,-0.23,115,-0.01,80
"205","Eastern Michigan","1","0-1","0-1",-0.75,122,-0.32,105,-0.42,126,-0.02,83
"206","Eastern Michigan","2","0-2","0-1",-0.75,120,-0.32,104,-0.41,127,-0.02,84
"207","Eastern Michigan","3","0-3","0-2",-0.79,120,-0.32,100,-0.47,133,0,66
"208","Eastern Michigan","4","1-3","1-2",-0.72,114,-0.32,102,-0.44,127,0.05,34
"209","Eastern Michigan","5","1-4","1-3",-0.83,124,-0.35,103,-0.52,131,0.05,26
"210","Eastern Michigan","6","1-5","1-4",-0.85,124,-0.32,102,-0.55,133,0.02,46
"211","Florida","0","0-0","0-0",0.56,21,0.1,33,0.33,23,0.11,3
"212","Florida","1","1-0","0-0",0.56,25,0.1,33,0.33,23,0.11,3
"213","Florida","2","1-1","0-1",0.45,32,0.04,51,0.3,28,0.12,2
"214","Florida","3","1-2","0-2",0.41,32,-0.06,65,0.38,17,0.09,4
"215","Florida","4","1-3","0-3",0.32,39,-0.14,76,0.4,16,0.07,14
"216","Florida","5","1-3","0-3",0.33,38,-0.14,74,0.39,22,0.08,9
"217","Florida","6","2-3","1-3",0.46,33,-0.02,59,0.43,18,0.07,16
"218","Florida Atlantic","0","0-0","0-0",-0.62,116,-0.4,114,-0.16,107,-0.07,125
"219","Florida Atlantic","1","0-1","0-1",-0.69,120,-0.52,127,-0.1,97,-0.08,129
"220","Florida Atlantic","2","1-1","0-1",-0.69,117,-0.51,124,-0.11,94,-0.09,123
"221","Florida Atlantic","3","1-2","0-2",-0.76,119,-0.53,126,-0.17,104,-0.06,116
"222","Florida Atlantic","4","1-2","0-2",-0.76,118,-0.53,128,-0.18,99,-0.07,117
"223","Florida Atlantic","5","1-3","0-3",-0.76,118,-0.47,121,-0.21,103,-0.09,125
"224","Florida Atlantic","6","2-3","1-3",-0.74,116,-0.38,109,-0.29,112,-0.07,118
"225","Florida International","0","0-0","0-0",-0.84,125,-0.55,130,-0.27,118,-0.02,92
"226","Florida International","1","1-0","0-0",-0.84,123,-0.55,130,-0.27,118,-0.02,89
"227","Florida International","2","1-1","0-1",-0.74,119,-0.51,125,-0.17,106,-0.05,108
"228","Florida International","3","2-1","1-1",-0.67,114,-0.44,116,-0.15,101,-0.07,118
"229","Florida International","4","2-2","1-2",-0.81,122,-0.46,120,-0.23,107,-0.12,132
"230","Florida International","5","2-2","1-2",-0.81,122,-0.47,119,-0.22,104,-0.12,132
"231","Florida International","6","2-3","1-3",-1.03,130,-0.59,132,-0.29,110,-0.13,131
"232","Florida State","0","0-0","0-0",-0.03,68,-0.2,90,0.1,60,0.09,9
"233","Florida State","1","1-0","1-0",0.21,46,-0.02,56,0.18,47,0.09,7
"234","Florida State","2","2-0","1-0",0.24,44,-0.02,59,0.19,41,0.09,8
"235","Florida State","3","2-0","1-0",0.26,45,-0.02,57,0.22,40,0.09,8
"236","Florida State","4","3-0","2-0",0.42,32,0.15,37,0.23,37,0.06,18
"237","Florida State","5","3-1","2-1",0.39,35,0.16,35,0.19,42,0.04,34
"238","Florida State","6","3-2","2-2",0.47,30,0.22,26,0.2,42,0.04,32
"239","Fresno State","0","0-1","0-1",-0.3,88,-0.22,94,0.03,68,-0.1,131
"240","Fresno State","1","1-1","1-1",-0.17,78,-0.15,79,0.02,72,-0.04,104
"241","Fresno State","2","2-1","2-1",-0.14,76,-0.18,88,0,76,0.04,29
"242","Fresno State","3","3-1","2-1",-0.15,76,-0.19,89,-0.01,77,0.05,30
"243","Fresno State","4","4-1","3-1",-0.19,76,-0.25,95,0.07,57,0.01,58
"244","Fresno State","5","4-1","3-1",-0.19,76,-0.29,98,0.08,52,0.01,54
"245","Fresno State","6","5-1","4-1",-0.28,81,-0.36,106,0.07,54,0.01,63
"246","Georgia","0","0-0","0-0",1.18,2,0.49,3,0.64,4,0.05,22
"247","Georgia","1","1-0","1-0",1.27,2,0.53,3,0.67,4,0.07,12
"248","Georgia","2","2-0","1-0",1.24,3,0.52,4,0.65,4,0.08,14
"249","Georgia","3","3-0","2-0",1.2,3,0.57,5,0.54,6,0.09,5
"250","Georgia","4","3-0","2-0",1.21,3,0.56,6,0.56,5,0.09,8
"251","Georgia","5","3-1","2-1",1.16,4,0.55,7,0.53,7,0.08,7
"252","Georgia","6","4-1","3-1",1.26,3,0.65,5,0.53,7,0.09,9
"253","Georgia Southern","0","0-0","0-0",-0.34,95,-0.2,89,-0.1,98,-0.02,88
"254","Georgia Southern","1","0-1","0-1",-0.48,101,-0.2,88,-0.19,111,-0.07,122
"255","Georgia Southern","2","0-2","0-2",-0.52,104,-0.16,83,-0.29,118,-0.06,117
"256","Georgia Southern","3","1-2","1-2",-0.44,99,-0.09,69,-0.32,119,-0.01,71
"257","Georgia Southern","4","2-2","1-2",-0.45,100,-0.09,70,-0.32,120,-0.01,75
"258","Georgia Southern","5","2-3","1-3",-0.59,109,-0.13,73,-0.42,124,-0.01,84
"259","Georgia Southern","6","2-3","1-3",-0.6,107,-0.14,74,-0.43,127,-0.02,85
"260","Georgia State","0","0-0","0-0",-0.5,106,-0.2,87,-0.23,113,-0.1,133
"261","Georgia State","1","0-1","0-1",-0.58,110,-0.21,89,-0.25,116,-0.13,135
"262","Georgia State","2","0-2","0-2",-0.65,115,-0.24,93,-0.26,115,-0.14,136
"263","Georgia State","3","1-2","0-2",-0.65,113,-0.24,94,-0.25,114,-0.15,135
"264","Georgia State","4","1-3","0-3",-0.78,119,-0.24,93,-0.36,124,-0.16,136
"265","Georgia State","5","1-3","0-3",-0.78,120,-0.25,95,-0.35,120,-0.16,136
"266","Georgia State","6","1-4","0-4",-0.73,114,-0.24,92,-0.31,115,-0.16,134
"267","Georgia Tech","0","0-0","0-0",0.11,51,0.05,42,0.09,62,-0.04,103
"268","Georgia Tech","1","1-0","1-0",0.16,48,0.1,34,0.1,61,-0.04,99
"269","Georgia Tech","2","2-0","1-0",0.17,50,0.09,40,0.1,54,-0.03,98
"270","Georgia Tech","3","3-0","2-0",0.23,48,0.12,36,0.09,55,0.01,62
"271","Georgia Tech","4","4-0","3-0",0.22,48,0.12,41,0.09,53,0,63
"272","Georgia Tech","5","5-0","4-0",0.16,51,0.07,50,0.05,60,0.05,30
"273","Georgia Tech","6","5-0","4-0",0.2,48,0.08,47,0.07,56,0.05,28
"274","Hawaii","0","1-0","1-0",-0.57,111,-0.35,109,-0.19,110,-0.02,91
"275","Hawaii","1","1-1","1-1",-0.69,119,-0.47,117,-0.22,113,-0.02,88
"276","Hawaii","2","2-1","2-1",-0.6,111,-0.43,111,-0.17,105,-0.02,88
"277","Hawaii","3","3-1","2-1",-0.56,107,-0.4,111,-0.16,102,-0.03,92
"278","Hawaii","4","3-2","2-2",-0.54,108,-0.53,129,-0.09,90,0.03,43
"279","Hawaii","5","4-2","3-2",-0.48,101,-0.44,116,-0.13,95,0.04,36
"280","Hawaii","6","4-2","3-2",-0.51,100,-0.45,119,-0.15,92,0.03,39
"281","Houston","0","0-0","0-0",-0.06,70,-0.27,98,0.2,43,0.01,56
"282","Houston","1","1-0","0-0",-0.06,70,-0.27,98,0.2,44,0.01,61
"283","Houston","2","2-0","1-0",0,66,-0.22,91,0.23,37,-0.01,74
"284","Houston","3","3-0","2-0",0.13,55,-0.14,78,0.24,37,0.04,38
"285","Houston","4","3-0","2-0",0.14,54,-0.15,79,0.26,34,0.04,37
"286","Houston","5","4-0","3-0",0.08,58,-0.21,89,0.27,34,0.04,38
"287","Houston","6","4-1","3-1",0.01,65,-0.25,93,0.25,34,0.03,38
"288","Illinois","0","0-0","0-0",0.32,39,0.09,37,0.16,48,0.08,12
"289","Illinois","1","1-0","0-0",0.32,37,0.09,37,0.16,51,0.08,11
"290","Illinois","2","2-0","1-0",0.41,34,0.22,21,0.1,53,0.1,6
"291","Illinois","3","3-0","2-0",0.52,27,0.26,22,0.17,44,0.12,2
"292","Illinois","4","3-1","2-1",0.33,37,0.23,24,0.06,58,0.08,11
"293","Illinois","5","4-1","3-1",0.43,32,0.33,18,0.05,59,0.08,10
"294","Illinois","6","5-1","4-1",0.46,32,0.32,21,0.04,64,0.13,3
"295","Indiana","0","0-0","0-0",0.61,15,0.29,13,0.32,25,0.03,36
"296","Indiana","1","1-0","1-0",0.62,16,0.26,18,0.33,24,0.05,22
"297","Indiana","2","2-0","2-0",0.64,15,0.32,11,0.3,29,0.04,28
"298","Indiana","3","3-0","2-0",0.67,16,0.32,13,0.32,24,0.05,29
"299","Indiana","4","4-0","3-0",0.94,9,0.47,9,0.4,15,0.1,5
"300","Indiana","5","5-0","4-0",0.98,9,0.44,10,0.45,13,0.11,4
"301","Indiana","6","5-0","4-0",1.02,6,0.45,10,0.47,11,0.12,4
"302","Iowa","0","0-0","0-0",0.56,20,-0.11,70,0.56,8,0.12,2
"303","Iowa","1","1-0","0-0",0.56,23,-0.11,74,0.56,6,0.12,2
"304","Iowa","2","1-1","0-1",0.54,25,-0.13,77,0.55,6,0.12,3
"305","Iowa","3","2-1","1-1",0.53,25,-0.14,79,0.52,8,0.13,1
"306","Iowa","4","3-1","2-1",0.55,26,-0.07,65,0.43,11,0.18,1
"307","Iowa","5","3-2","2-2",0.58,25,-0.08,67,0.5,8,0.17,1
"308","Iowa","6","3-2","2-2",0.58,25,-0.09,67,0.49,10,0.18,1
"309","Iowa State","0","1-0","1-0",0.57,17,0.17,25,0.36,21,0.06,21
"310","Iowa State","1","2-0","1-0",0.57,20,0.17,24,0.36,21,0.06,20
"311","Iowa State","2","3-0","2-0",0.59,20,0.16,27,0.38,20,0.07,17
"312","Iowa State","3","4-0","3-0",0.46,29,0.12,35,0.31,27,0.05,26
"313","Iowa State","4","4-0","3-0",0.45,29,0.1,45,0.31,29,0.06,20
"314","Iowa State","5","5-0","4-0",0.53,29,0.17,32,0.32,29,0.08,11
"315","Iowa State","6","5-1","4-1",0.48,29,0.19,31,0.26,33,0.05,26
"316","Jacksonville State","0","0-0","0-0",-0.22,83,-0.1,68,-0.06,89,-0.06,116
"317","Jacksonville State","1","0-1","0-1",-0.21,82,-0.13,77,-0.04,83,-0.05,113
"318","Jacksonville State","2","1-1","1-1",-0.15,79,-0.08,70,-0.06,89,-0.02,90
"319","Jacksonville State","3","1-2","1-2",-0.26,84,-0.05,63,-0.13,96,-0.09,125
"320","Jacksonville State","4","2-2","1-2",-0.26,80,-0.06,63,-0.13,94,-0.08,122
"321","Jacksonville State","5","2-3","1-3",-0.47,99,-0.17,83,-0.24,109,-0.07,118
"322","Jacksonville State","6","2-3","1-3",-0.48,97,-0.17,81,-0.25,104,-0.07,120
"323","James Madison","0","0-0","0-0",0.06,57,-0.21,92,0.28,32,0,71
"324","James Madison","1","1-0","0-0",0.06,58,-0.21,90,0.28,30,0,71
"325","James Madison","2","1-1","0-1",0.05,63,-0.25,96,0.33,27,-0.02,80
"326","James Madison","3","1-1","0-1",0.05,62,-0.25,95,0.33,23,-0.02,74
"327","James Madison","4","2-1","1-1",0.12,56,-0.14,74,0.3,30,-0.03,96
"328","James Madison","5","3-1","2-1",0.2,48,-0.06,64,0.3,32,-0.02,85
"329","James Madison","6","4-1","3-1",0.15,54,-0.09,66,0.28,32,-0.02,84
"330","Kansas","0","1-0","1-0",0.33,38,0.33,12,0.02,71,0,72
"331","Kansas","1","2-0","1-0",0.35,35,0.34,10,0.04,67,-0.01,74
"332","Kansas","2","2-1","1-1",0.3,41,0.34,8,-0.03,83,0.03,50
"333","Kansas","3","2-1","1-1",0.33,39,0.34,9,-0.01,78,0.03,49
"334","Kansas","4","3-1","2-1",0.49,28,0.33,17,0.1,52,0.07,13
"335","Kansas","5","3-2","2-2",0.44,31,0.4,14,0,69,0.06,21
"336","Kansas","6","4-2","3-2",0.46,31,0.36,15,0.06,59,0.07,21
"337","Kansas State","0","0-1","0-1",0.56,19,0.18,22,0.39,19,-0.02,85
"338","Kansas State","1","1-1","0-1",0.56,22,0.18,22,0.39,19,-0.02,81
"339","Kansas State","2","1-2","0-2",0.52,27,0.16,28,0.33,25,0.02,54
"340","Kansas State","3","1-3","0-3",0.37,34,0.02,52,0.29,30,0.06,25
"341","Kansas State","4","1-3","0-3",0.36,34,0.01,53,0.29,32,0.06,23
"342","Kansas State","5","2-3","1-3",0.39,34,0.02,54,0.31,30,0.05,29
"343","Kansas State","6","2-4","1-4",0.37,38,0.04,50,0.28,30,0.02,47
"344","Kennesaw State","0","0-0","0-0",-1.2,135,-0.8,136,-0.4,126,0,65
"345","Kennesaw State","1","0-1","0-1",-1.04,131,-0.75,136,-0.27,119,-0.01,80
"346","Kennesaw State","2","0-2","0-2",-1.05,133,-0.71,136,-0.33,121,0,69
"347","Kennesaw State","3","1-2","0-2",-1.05,132,-0.71,136,-0.33,121,0,67
"348","Kennesaw State","4","2-2","1-2",-0.9,128,-0.65,136,-0.27,114,0.03,41
"349","Kennesaw State","5","3-2","2-2",-0.85,126,-0.61,134,-0.25,113,0.03,42
"350","Kennesaw State","6","3-2","2-2",-0.83,122,-0.59,131,-0.25,105,0.03,41
"351","Kent State","0","0-0","0-0",-1.25,136,-0.48,121,-0.67,136,-0.09,130
"352","Kent State","1","1-0","0-0",-1.25,135,-0.48,121,-0.67,135,-0.09,131
"353","Kent State","2","1-1","0-1",-1.37,136,-0.59,132,-0.67,135,-0.1,130
"354","Kent State","3","1-2","0-2",-1.22,135,-0.49,124,-0.6,135,-0.11,132
"355","Kent State","4","1-3","0-3",-1.33,135,-0.48,121,-0.72,135,-0.1,126
"356","Kent State","5","1-3","0-3",-1.33,136,-0.48,125,-0.73,136,-0.1,126
"357","Kent State","6","1-4","0-4",-1.33,136,-0.51,127,-0.67,136,-0.14,133
"358","Kentucky","0","0-0","0-0",0.34,37,-0.07,62,0.29,30,0.1,4
"359","Kentucky","1","1-0","1-0",0.3,39,-0.08,68,0.29,28,0.09,5
"360","Kentucky","2","1-1","1-1",0.41,35,-0.05,67,0.35,23,0.09,7
"361","Kentucky","3","2-1","2-1",0.42,31,-0.05,64,0.37,19,0.08,10
"362","Kentucky","4","2-1","2-1",0.44,31,-0.04,60,0.36,21,0.1,4
"363","Kentucky","5","2-2","2-2",0.31,40,-0.14,75,0.3,31,0.11,3
"364","Kentucky","6","2-3","2-3",0.22,47,-0.15,76,0.22,37,0.1,5
"365","Liberty","0","0-0","0-0",-0.3,89,-0.13,73,-0.12,101,-0.06,121
"366","Liberty","1","1-0","0-0",-0.3,91,-0.13,76,-0.12,101,-0.06,120
"367","Liberty","2","1-1","0-1",-0.36,95,-0.1,75,-0.18,109,-0.1,128
"368","Liberty","3","1-2","0-2",-0.45,100,-0.19,90,-0.14,100,-0.14,134
"369","Liberty","4","1-3","0-3",-0.54,107,-0.17,83,-0.26,113,-0.13,133
"370","Liberty","5","1-4","0-4",-0.59,110,-0.3,99,-0.23,107,-0.09,121
"371","Liberty","6","1-4","0-4",-0.56,106,-0.29,99,-0.21,101,-0.09,124
"372","Louisiana","0","0-0","0-0",-0.07,72,0,53,-0.1,99,0.03,35
"373","Louisiana","1","0-1","0-1",-0.15,77,-0.08,69,-0.12,102,0.03,40
"374","Louisiana","2","1-1","0-1",-0.16,80,-0.09,73,-0.12,98,0.03,41
"375","Louisiana","3","1-2","0-2",-0.33,89,-0.12,74,-0.25,112,0.03,46
"376","Louisiana","4","1-3","0-3",-0.43,96,-0.2,87,-0.24,111,-0.02,82
"377","Louisiana","5","2-3","1-3",-0.45,96,-0.14,76,-0.3,117,-0.01,76
"378","Louisiana","6","2-3","1-3",-0.46,96,-0.16,79,-0.29,111,-0.02,88
"379","Louisiana Tech","0","0-0","0-0",-0.66,117,-0.54,129,-0.13,102,0.01,49
"380","Louisiana Tech","1","1-0","0-0",-0.66,116,-0.54,128,-0.13,103,0.01,54
"381","Louisiana Tech","2","1-1","0-1",-0.57,109,-0.5,123,-0.06,90,-0.01,71
"382","Louisiana Tech","3","2-1","1-1",-0.46,102,-0.42,114,-0.06,87,0.02,55
"383","Louisiana Tech","4","3-1","2-1",-0.39,90,-0.37,105,-0.05,82,0.03,49
"384","Louisiana Tech","5","4-1","3-1",-0.31,81,-0.41,111,0.07,57,0.01,53
"385","Louisiana Tech","6","4-1","3-1",-0.29,82,-0.4,114,0.07,57,0.02,50
"386","Louisville","0","0-0","0-0",0.57,18,0.28,15,0.23,35,0.07,16
"387","Louisville","1","1-0","0-0",0.57,21,0.28,15,0.23,37,0.07,14
"388","Louisville","2","2-0","1-0",0.59,19,0.23,20,0.27,33,0.08,12
"389","Louisville","3","2-0","1-0",0.59,21,0.23,26,0.27,34,0.08,11
"390","Louisville","4","3-0","2-0",0.65,19,0.2,28,0.34,25,0.11,2
"391","Louisville","5","4-0","3-0",0.6,23,0.12,42,0.35,24,0.15,2
"392","Louisville","6","4-1","3-1",0.57,26,0.03,52,0.41,21,0.15,2
"393","LSU","0","0-0","0-0",0.76,11,0.44,4,0.31,26,0.02,42
"394","LSU","1","1-0","1-0",0.8,9,0.4,8,0.4,18,0.01,59
"395","LSU","2","2-0","2-0",0.7,11,0.33,10,0.35,22,0.03,36
"396","LSU","3","3-0","3-0",0.72,15,0.23,27,0.45,11,0.06,23
"397","LSU","4","4-0","3-0",0.7,17,0.22,25,0.43,12,0.05,27
"398","LSU","5","4-1","3-1",0.7,16,0.2,27,0.43,14,0.07,13
"399","LSU","6","4-1","3-1",0.74,17,0.21,27,0.46,13,0.08,13
"400","Marshall","0","0-0","0-0",-0.03,69,-0.16,79,0.11,58,0.02,47
"401","Marshall","1","0-1","0-1",-0.13,75,-0.19,85,0.07,63,-0.01,73
"402","Marshall","2","0-2","0-2",-0.29,86,-0.32,103,0.01,74,0.03,48
"403","Marshall","3","1-2","0-2",-0.28,86,-0.33,101,0.02,74,0.03,43
"404","Marshall","4","2-2","1-2",-0.31,83,-0.26,96,-0.06,86,0.01,62
"405","Marshall","5","2-3","1-3",-0.38,90,-0.23,94,-0.17,97,0,61
"406","Marshall","6","2-3","1-3",-0.37,87,-0.23,90,-0.15,94,0,66
"407","Maryland","0","0-0","0-0",0.09,53,-0.03,58,0.15,50,-0.02,90
"408","Maryland","1","1-0","1-0",0.16,50,-0.08,70,0.27,33,-0.01,77
"409","Maryland","2","2-0","2-0",0.17,49,-0.09,71,0.3,30,-0.01,76
"410","Maryland","3","3-0","2-0",0.16,53,-0.1,70,0.29,31,-0.01,70
"411","Maryland","4","4-0","3-0",0.3,42,-0.09,67,0.39,17,0.03,45
"412","Maryland","5","4-0","3-0",0.3,41,-0.09,69,0.39,21,0.02,48
"413","Maryland","6","4-1","3-1",0.31,42,-0.13,72,0.44,16,0.03,44
"414","Massachusetts","0","0-0","0-0",-1.19,134,-0.41,115,-0.62,135,-0.16,136
"415","Massachusetts","1","0-1","0-1",-1.33,136,-0.44,116,-0.75,136,-0.14,136
"416","Massachusetts","2","0-2","0-1",-1.33,135,-0.44,113,-0.75,136,-0.14,135
"417","Massachusetts","3","0-3","0-2",-1.36,136,-0.43,115,-0.76,136,-0.16,136
"418","Massachusetts","4","0-3","0-2",-1.35,136,-0.45,117,-0.74,136,-0.15,135
"419","Massachusetts","5","0-4","0-3",-1.28,135,-0.47,120,-0.66,135,-0.14,135
"420","Massachusetts","6","0-5","0-4",-1.29,135,-0.55,129,-0.66,135,-0.09,125
"421","Memphis","0","0-0","0-0",0.07,56,0.09,36,-0.01,80,-0.01,83
"422","Memphis","1","1-0","0-0",0.07,57,0.09,36,-0.01,79,-0.01,79
"423","Memphis","2","2-0","1-0",0.12,54,0.09,41,0.01,72,0,66
"424","Memphis","3","3-0","2-0",0.19,50,0.07,45,0.12,52,-0.02,76
"425","Memphis","4","4-0","3-0",0.21,49,0.1,46,0.15,45,-0.04,105
"426","Memphis","5","5-0","4-0",0.18,50,0.11,46,0.09,50,-0.01,78
"427","Memphis","6","6-0","5-0",0.27,43,0.13,42,0.14,46,0.01,54
"428","Miami","0","0-0","0-0",0.55,23,0.42,6,0.11,59,0.01,52
"429","Miami","1","1-0","1-0",0.65,15,0.45,5,0.17,48,0.03,42
"430","Miami","2","2-0","1-0",0.65,14,0.45,6,0.17,44,0.03,49
"431","Miami","3","3-0","2-0",0.74,14,0.48,7,0.22,38,0.03,44
"432","Miami","4","4-0","3-0",0.84,11,0.47,8,0.31,28,0.05,29
"433","Miami","5","4-0","3-0",0.86,10,0.46,9,0.34,25,0.05,33
"434","Miami","6","5-0","4-0",0.9,8,0.48,9,0.39,24,0.04,35
"435","Miami (OH)","0","0-0","0-0",-0.15,77,-0.29,101,0.13,55,0.02,40
"436","Miami (OH)","1","0-1","0-1",-0.2,80,-0.36,110,0.15,54,0.03,36
"437","Miami (OH)","2","0-2","0-2",-0.31,89,-0.38,110,0.04,69,0.04,33
"438","Miami (OH)","3","0-2","0-2",-0.33,88,-0.4,110,0.03,69,0.04,35
"439","Miami (OH)","4","0-3","0-3",-0.33,85,-0.38,108,-0.01,75,0.06,22
"440","Miami (OH)","5","1-3","0-3",-0.33,85,-0.38,106,0,70,0.05,24
"441","Miami (OH)","6","2-3","1-3",-0.3,83,-0.36,107,-0.01,74,0.07,19
"442","Michigan","0","0-0","0-0",0.8,9,0.14,29,0.57,7,0.13,1
"443","Michigan","1","1-0","1-0",0.7,12,0.12,30,0.54,7,0.06,18
"444","Michigan","2","1-1","1-1",0.6,17,0.11,39,0.44,14,0.08,11
"445","Michigan","3","2-1","2-1",0.78,11,0.28,18,0.45,13,0.06,22
"446","Michigan","4","3-1","3-1",0.77,14,0.31,20,0.41,14,0.07,17
"447","Michigan","5","3-1","3-1",0.79,14,0.32,20,0.41,18,0.07,18
"448","Michigan","6","4-1","4-1",0.82,13,0.35,16,0.4,23,0.08,12
"449","Michigan State","0","0-0","0-0",-0.11,74,-0.19,84,0.09,61,0.03,39
"450","Michigan State","1","1-0","1-0",-0.06,71,-0.26,96,0.19,45,0.04,26
"451","Michigan State","2","2-0","2-0",-0.03,71,-0.16,82,0.1,55,0.06,21
"452","Michigan State","3","3-0","2-0",-0.06,67,-0.17,86,0.08,59,0.06,24
"453","Michigan State","4","3-1","2-1",-0.02,67,-0.06,64,0.02,66,0.05,33
"454","Michigan State","5","3-1","2-1",-0.03,68,-0.08,66,0.02,64,0.05,28
"455","Michigan State","6","3-2","2-2",-0.06,69,-0.08,65,0.06,61,-0.01,81
"456","Middle Tennessee","0","0-0","0-0",-1.02,131,-0.47,119,-0.55,134,0,74
"457","Middle Tennessee","1","0-1","0-0",-1.02,130,-0.47,119,-0.55,133,0,72
"458","Middle Tennessee","2","0-2","0-1",-1.02,129,-0.45,114,-0.59,134,0.01,63
"459","Middle Tennessee","3","1-2","1-1",-0.97,130,-0.49,125,-0.45,129,-0.03,94
"460","Middle Tennessee","4","1-3","1-2",-1,133,-0.44,115,-0.56,134,-0.01,74
"461","Middle Tennessee","5","1-4","1-3",-1.04,132,-0.48,122,-0.57,134,-0.01,70
"462","Middle Tennessee","6","1-4","1-3",-1.04,132,-0.47,122,-0.58,134,0,70
"463","Minnesota","0","0-0","0-0",0.55,22,0.13,31,0.43,16,0.01,57
"464","Minnesota","1","1-0","1-0",0.51,27,0.08,38,0.41,16,0.03,34
"465","Minnesota","2","2-0","1-0",0.51,28,0.08,43,0.41,17,0.03,39
"466","Minnesota","3","2-1","1-1",0.35,38,0.05,48,0.33,22,-0.02,82
"467","Minnesota","4","2-1","1-1",0.3,44,0.04,50,0.3,31,-0.03,95
"468","Minnesota","5","3-1","2-1",0.29,44,0.03,52,0.28,33,-0.02,88
"469","Minnesota","6","3-2","2-2",0.19,51,-0.01,58,0.23,36,-0.02,90
"470","Mississippi State","0","0-0","0-0",0.02,65,0.1,34,-0.04,86,-0.04,102
"471","Mississippi State","1","1-0","1-0",0.03,66,0.07,41,-0.03,81,-0.02,87
"472","Mississippi State","2","2-0","2-0",0.12,55,0.08,42,0.07,61,-0.02,86
"473","Mississippi State","3","3-0","2-0",0.18,51,0.12,37,0.09,54,-0.02,80
"474","Mississippi State","4","4-0","3-0",0.28,45,0.19,29,0.11,49,-0.01,78
"475","Mississippi State","5","4-1","3-1",0.39,33,0.17,34,0.19,41,0.04,39
"476","Mississippi State","6","4-2","3-2",0.32,41,0.09,45,0.19,43,0.05,25
"477","Missouri","0","0-0","0-0",0.43,30,0.11,32,0.28,31,0.03,31
"478","Missouri","1","1-0","0-0",0.43,32,0.11,32,0.28,29,0.03,35
"479","Missouri","2","2-0","1-0",0.49,29,0.19,23,0.29,31,0.01,57
"480","Missouri","3","3-0","2-0",0.66,17,0.31,15,0.31,26,0.01,60
"481","Missouri","4","4-0","3-0",0.7,16,0.41,12,0.27,33,0,64
"482","Missouri","5","5-0","4-0",0.67,19,0.34,16,0.33,27,-0.01,72
"483","Missouri","6","5-0","4-0",0.66,19,0.35,17,0.31,28,0,67
"484","Missouri State","0","0-0","0-0",-1,129,-0.5,124,-0.5,131,0,65
"485","Missouri State","1","0-1","0-1",-1.11,133,-0.51,125,-0.61,134,0.02,46
"486","Missouri State","2","1-1","1-1",-0.96,126,-0.46,117,-0.48,130,-0.01,73
"487","Missouri State","3","1-2","1-2",-0.87,126,-0.45,117,-0.42,128,0,63
"488","Missouri State","4","2-2","1-2",-0.88,126,-0.48,122,-0.4,126,0,65
"489","Missouri State","5","2-3","1-3",-0.87,128,-0.49,126,-0.38,123,0,68
"490","Missouri State","6","2-3","1-3",-0.87,125,-0.48,123,-0.39,120,0,71
"491","Navy","0","0-0","0-0",0.14,49,0.03,46,0.14,53,-0.04,109
"492","Navy","1","1-0","0-0",0.14,51,0.03,49,0.14,57,-0.04,105
"493","Navy","2","2-0","1-0",0.14,52,0.11,37,0.06,62,-0.03,94
"494","Navy","3","3-0","2-0",0.15,54,0.17,29,0.02,75,-0.05,105
"495","Navy","4","3-0","2-0",0.17,51,0.18,35,0.02,68,-0.04,102
"496","Navy","5","4-0","3-0",0.14,53,0.2,28,-0.01,73,-0.07,117
"497","Navy","6","5-0","4-0",0.05,60,0.2,28,-0.08,84,-0.07,114
"498","NC State","0","0-0","0-0",0.03,63,-0.12,72,0.14,52,0.01,54
"499","NC State","1","1-0","1-0",0.02,67,-0.1,73,0.14,55,-0.01,78
"500","NC State","2","2-0","2-0",0.06,62,0.05,48,0.05,64,-0.02,82
"501","NC State","3","3-0","3-0",0.11,56,0.1,40,0.08,58,-0.04,100
"502","NC State","4","3-1","3-1",0.03,60,0.15,36,-0.02,77,-0.08,120
"503","NC State","5","3-2","3-2",0.08,57,0.19,30,-0.01,72,-0.09,123
"504","NC State","6","4-2","3-2",0.1,57,0.2,29,0,70,-0.08,123
"505","Nebraska","0","0-0","0-0",0.37,36,0.02,50,0.4,18,-0.03,96
"506","Nebraska","1","1-0","1-0",0.37,34,0.03,50,0.39,20,-0.03,95
"507","Nebraska","2","2-0","2-0",0.55,24,0.13,32,0.38,19,0.04,27
"508","Nebraska","3","3-0","2-0",0.55,23,0.14,33,0.39,16,0.04,39
"509","Nebraska","4","3-1","2-1",0.58,22,0.18,34,0.37,19,0.03,40
"510","Nebraska","5","3-1","2-1",0.57,27,0.15,37,0.38,23,0.04,40
"511","Nebraska","6","4-1","3-1",0.62,24,0.1,44,0.41,20,0.1,7
"512","Nevada","0","0-0","0-0",-0.55,110,-0.19,85,-0.25,117,-0.12,135
"513","Nevada","1","0-1","0-1",-0.63,113,-0.24,93,-0.27,117,-0.13,134
"514","Nevada","2","1-1","0-1",-0.64,113,-0.25,95,-0.28,116,-0.12,133
"515","Nevada","3","1-2","0-2",-0.72,116,-0.41,112,-0.25,115,-0.08,123
"516","Nevada","4","1-3","0-3",-0.8,121,-0.49,123,-0.25,112,-0.09,124
"517","Nevada","5","1-3","0-3",-0.81,121,-0.5,127,-0.26,115,-0.08,120
"518","Nevada","6","1-4","0-4",-0.8,121,-0.54,128,-0.21,100,-0.07,119
"519","New Mexico","0","0-0","0-0",-0.72,121,-0.1,66,-0.54,133,-0.1,132
"520","New Mexico","1","0-1","0-1",-0.61,112,-0.07,67,-0.51,132,-0.04,100
"521","New Mexico","2","1-1","0-1",-0.63,112,-0.09,72,-0.51,132,-0.03,101
"522","New Mexico","3","2-1","1-1",-0.41,95,-0.03,58,-0.33,120,-0.05,107
"523","New Mexico","4","2-1","1-1",-0.41,93,-0.03,59,-0.33,121,-0.05,107
"524","New Mexico","5","3-1","2-1",-0.37,88,-0.06,62,-0.25,112,-0.04,109
"525","New Mexico","6","3-2","2-2",-0.35,85,0.01,55,-0.32,116,-0.02,91
"526","New Mexico State","0","0-0","0-0",-1.08,132,-0.56,131,-0.47,130,-0.05,113
"527","New Mexico State","1","1-0","0-0",-1.08,132,-0.56,131,-0.47,130,-0.05,111
"528","New Mexico State","2","2-0","1-0",-1.02,130,-0.57,131,-0.42,128,-0.02,81
"529","New Mexico State","3","2-1","1-1",-1.12,134,-0.59,133,-0.47,132,-0.03,96
"530","New Mexico State","4","2-1","1-1",-1.08,134,-0.57,132,-0.46,129,-0.03,91
"531","New Mexico State","5","2-2","1-2",-1.07,133,-0.59,133,-0.45,126,-0.02,86
"532","New Mexico State","6","3-2","2-2",-0.95,129,-0.55,130,-0.4,123,0.02,49
"533","North Carolina","0","0-0","0-0",0.08,54,0.09,38,-0.02,84,0.01,50
"534","North Carolina","1","0-1","0-1",-0.12,74,-0.05,63,-0.07,90,0.01,60
"535","North Carolina","2","1-1","1-1",-0.12,75,-0.15,81,-0.01,78,0.05,25
"536","North Carolina","3","2-1","1-1",-0.13,73,-0.16,82,-0.01,80,0.05,31
"537","North Carolina","4","2-2","1-2",-0.24,78,-0.22,90,-0.05,81,0.03,44
"538","North Carolina","5","2-2","1-2",-0.25,80,-0.22,92,-0.06,84,0.03,41
"539","North Carolina","6","2-3","1-3",-0.46,95,-0.28,98,-0.18,96,0.01,56
"540","North Texas","0","0-0","0-0",-0.44,102,-0.09,65,-0.32,122,-0.04,101
"541","North Texas","1","1-0","0-0",-0.44,100,-0.09,72,-0.32,123,-0.04,98
"542","North Texas","2","2-0","1-0",-0.43,98,-0.05,66,-0.28,117,-0.09,124
"543","North Texas","3","3-0","2-0",-0.13,74,0.04,49,-0.09,89,-0.07,117
"544","North Texas","4","4-0","3-0",0.01,64,0.12,40,-0.04,79,-0.07,118
"545","North Texas","5","5-0","4-0",0.05,59,0.16,36,-0.02,76,-0.07,116
"546","North Texas","6","5-0","4-0",0.04,61,0.17,34,-0.04,79,-0.07,117
"547","Northern Illinois","0","0-0","0-0",-0.32,92,-0.35,108,0.06,65,-0.02,89
"548","Northern Illinois","1","1-0","0-0",-0.32,92,-0.35,108,0.06,65,-0.02,86
"549","Northern Illinois","2","1-1","0-1",-0.33,92,-0.37,109,0.06,63,-0.02,87
"550","Northern Illinois","3","1-1","0-1",-0.33,90,-0.37,105,0.05,66,-0.02,81
"551","Northern Illinois","4","1-2","0-2",-0.39,92,-0.36,104,-0.02,78,-0.02,85
"552","Northern Illinois","5","1-3","0-3",-0.41,92,-0.41,109,0.02,63,-0.01,80
"553","Northern Illinois","6","1-4","0-4",-0.46,94,-0.44,117,0,71,-0.01,80
"554","Northwestern","0","0-0","0-0",-0.19,80,-0.37,113,0.17,47,0.03,34
"555","Northwestern","1","0-1","0-1",-0.27,88,-0.42,113,0.15,53,0.02,50
"556","Northwestern","2","1-1","0-1",-0.28,85,-0.44,112,0.16,46,0.02,53
"557","Northwestern","3","1-2","0-2",-0.34,91,-0.49,123,0.14,47,0.02,52
"558","Northwestern","4","1-2","0-2",-0.37,88,-0.5,126,0.13,46,0.02,56
"559","Northwestern","5","2-2","1-2",-0.37,87,-0.44,117,0.12,47,-0.01,77
"560","Northwestern","6","3-2","2-2",-0.18,76,-0.27,96,0.11,51,0.01,61
"561","Notre Dame","0","0-0","0-0",1.1,4,0.36,10,0.7,2,0.06,18
"562","Notre Dame","1","0-1","0-1",1,6,0.3,12,0.67,3,0.05,25
"563","Notre Dame","2","0-1","0-1",1,6,0.3,14,0.67,3,0.05,26
"564","Notre Dame","3","0-2","0-2",0.96,6,0.32,12,0.55,4,0.09,6
"565","Notre Dame","4","1-2","1-2",1.01,8,0.44,10,0.5,8,0.09,7
"566","Notre Dame","5","2-2","2-2",1.13,5,0.6,5,0.48,10,0.07,17
"567","Notre Dame","6","3-2","3-2",1.2,5,0.65,6,0.52,8,0.05,27
"568","Ohio","0","0-0","0-0",-0.1,73,-0.1,67,0.03,66,-0.02,86
"569","Ohio","1","0-1","0-1",-0.1,73,0.03,51,-0.07,87,-0.05,115
"570","Ohio","2","1-1","1-1",-0.02,70,-0.04,62,0.09,57,-0.06,114
"571","Ohio","3","1-2","1-2",0.05,63,-0.02,56,0.12,50,-0.05,111
"572","Ohio","4","2-2","1-2",0.02,61,-0.02,58,0.11,48,-0.06,114
"573","Ohio","5","3-2","2-2",0.03,63,-0.02,59,0.15,45,-0.1,129
"574","Ohio","6","3-3","2-3",-0.11,70,-0.13,73,0.12,49,-0.1,128
"575","Ohio State","0","0-0","0-0",1.54,1,0.78,1,0.71,1,0.07,14
"576","Ohio State","1","1-0","1-0",1.53,1,0.73,1,0.76,1,0.07,13
"577","Ohio State","2","2-0","1-0",1.52,1,0.73,2,0.75,1,0.07,18
"578","Ohio State","3","3-0","2-0",1.45,1,0.69,2,0.74,1,0.05,27
"579","Ohio State","4","3-0","2-0",1.46,1,0.69,2,0.76,1,0.05,26
"580","Ohio State","5","4-0","3-0",1.49,1,0.7,3,0.81,1,0.02,50
"581","Ohio State","6","5-0","4-0",1.49,1,0.71,3,0.81,1,0.01,55
"582","Oklahoma","0","0-0","0-0",0.59,16,0.06,40,0.49,10,0.04,25
"583","Oklahoma","1","1-0","0-0",0.59,19,0.06,43,0.49,10,0.04,28
"584","Oklahoma","2","2-0","1-0",0.68,13,0.18,25,0.5,10,0.01,60
"585","Oklahoma","3","3-0","2-0",0.78,12,0.21,28,0.53,7,0.02,53
"586","Oklahoma","4","4-0","3-0",0.81,12,0.18,32,0.57,4,0.05,28
"587","Oklahoma","5","4-0","3-0",0.81,12,0.2,29,0.55,5,0.05,25
"588","Oklahoma","6","5-0","4-0",0.87,10,0.16,38,0.6,2,0.1,6
"589","Oklahoma State","0","0-0","0-0",0.06,59,0.02,48,0,74,0.04,23
"590","Oklahoma State","1","1-0","0-0",0.06,60,0.02,52,0,74,0.04,27
"591","Oklahoma State","2","1-1","0-1",-0.15,77,-0.05,65,-0.12,97,0.03,44
"592","Oklahoma State","3","1-1","0-1",-0.13,75,-0.04,62,-0.11,93,0.03,45
"593","Oklahoma State","4","1-2","0-2",-0.33,86,-0.18,84,-0.14,97,-0.01,70
"594","Oklahoma State","5","1-3","0-3",-0.36,86,-0.16,80,-0.18,98,0,67
"595","Oklahoma State","6","1-4","0-4",-0.52,101,-0.3,101,-0.21,98,-0.01,77
"596","Old Dominion","0","0-0","0-0",-0.32,90,-0.3,103,0,76,-0.04,104
"597","Old Dominion","1","0-1","0-1",-0.33,94,-0.31,104,0.03,68,-0.06,119
"598","Old Dominion","2","1-1","0-1",-0.32,91,-0.32,102,0.04,67,-0.06,118
"599","Old Dominion","3","2-1","1-1",-0.11,71,-0.15,81,0.06,64,-0.02,83
"600","Old Dominion","4","2-1","1-1",-0.07,69,-0.14,75,0.08,54,-0.01,77
"601","Old Dominion","5","3-1","2-1",-0.03,69,-0.17,81,0.2,40,-0.05,110
"602","Old Dominion","6","4-1","3-1",0.18,52,-0.05,63,0.28,31,-0.05,106
"603","Ole Miss","0","0-0","0-0",0.9,8,0.42,7,0.45,13,0.04,24
"604","Ole Miss","1","1-0","1-0",0.98,7,0.45,6,0.46,11,0.07,15
"605","Ole Miss","2","2-0","2-0",0.92,8,0.41,7,0.45,12,0.06,19
"606","Ole Miss","3","3-0","3-0",0.9,8,0.53,6,0.3,29,0.08,13
"607","Ole Miss","4","4-0","4-0",1.03,5,0.57,5,0.35,24,0.11,3
"608","Ole Miss","5","5-0","5-0",0.99,8,0.56,6,0.32,28,0.1,5
"609","Ole Miss","6","5-0","5-0",0.99,7,0.56,7,0.32,27,0.1,8
"610","Oregon","0","0-0","0-0",1.13,3,0.68,2,0.44,14,0.02,41
"611","Oregon","1","1-0","0-0",1.13,3,0.68,2,0.44,14,0.02,49
"612","Oregon","2","2-0","1-0",1.34,2,0.81,1,0.51,8,0.03,38
"613","Oregon","3","3-0","2-0",1.42,2,0.85,1,0.55,5,0.03,42
"614","Oregon","4","4-0","3-0",1.41,2,0.88,1,0.53,7,0.01,59
"615","Oregon","5","5-0","4-0",1.42,2,0.9,1,0.53,6,-0.01,81
"616","Oregon","6","5-0","4-0",1.37,2,0.86,1,0.52,9,-0.02,87
"617","Oregon State","0","0-0","0-0",-0.15,76,-0.01,56,-0.15,105,-0.01,82
"618","Oregon State","1","0-1","0-1",-0.24,87,-0.05,61,-0.15,106,-0.05,109
"619","Oregon State","2","0-2","0-2",-0.3,88,-0.03,60,-0.15,103,-0.13,134
"620","Oregon State","3","0-3","0-3",-0.44,98,-0.1,71,-0.22,109,-0.13,133
"621","Oregon State","4","0-4","0-4",-0.51,104,-0.09,69,-0.29,115,-0.13,134
"622","Oregon State","5","0-5","0-5",-0.45,95,-0.09,68,-0.24,108,-0.14,134
"623","Oregon State","6","0-6","0-6",-0.54,103,-0.11,70,-0.27,107,-0.18,136
"624","Penn State","0","0-0","0-0",1.05,7,0.41,8,0.62,5,0.03,38
"625","Penn State","1","1-0","1-0",1.13,4,0.42,7,0.67,5,0.04,31
"626","Penn State","2","2-0","2-0",1.04,4,0.33,9,0.64,5,0.06,22
"627","Penn State","3","3-0","2-0",1.05,5,0.33,11,0.64,3,0.06,21
"628","Penn State","4","3-0","2-0",1.01,6,0.32,18,0.62,3,0.05,25
"629","Penn State","5","3-1","2-1",1.03,6,0.33,19,0.63,3,0.07,15
"630","Penn State","6","3-2","2-2",0.79,14,0.26,23,0.45,14,0.07,20
"631","Pittsburgh","0","0-0","0-0",0.06,58,-0.2,88,0.22,38,0.03,30
"632","Pittsburgh","1","1-0","0-0",0.06,59,-0.2,87,0.22,38,0.03,33
"633","Pittsburgh","2","2-0","1-0",0.11,56,-0.1,74,0.19,42,0.03,42
"634","Pittsburgh","3","2-1","1-1",0.04,65,-0.19,91,0.18,42,0.05,28
"635","Pittsburgh","4","2-1","1-1",0.01,63,-0.19,85,0.16,40,0.04,35
"636","Pittsburgh","5","2-2","1-2",0.05,60,-0.2,87,0.23,37,0.01,55
"637","Pittsburgh","6","3-2","2-2",0.22,46,-0.09,68,0.29,29,0.01,53
"638","Purdue","0","0-0","0-0",-0.4,98,-0.14,75,-0.22,112,-0.03,95
"639","Purdue","1","1-0","1-0",-0.22,85,-0.06,64,-0.17,108,0,69
"640","Purdue","2","2-0","1-0",-0.23,82,-0.07,69,-0.17,107,0,67
"641","Purdue","3","2-1","1-1",-0.19,79,-0.08,67,-0.14,97,0.02,59
"642","Purdue","4","2-2","1-2",-0.23,77,-0.04,61,-0.24,110,0.03,46
"643","Purdue","5","2-2","1-2",-0.22,77,-0.06,61,-0.21,101,0.02,49
"644","Purdue","6","2-3","1-3",-0.17,75,-0.01,56,-0.14,91,-0.04,98
"645","Rice","0","0-0","0-0",-0.6,113,-0.51,128,-0.03,85,-0.08,127
"646","Rice","1","1-0","1-0",-0.51,104,-0.49,123,0.05,66,-0.08,126
"647","Rice","2","1-1","1-1",-0.56,108,-0.52,126,0.01,73,-0.06,115
"648","Rice","3","2-1","1-1",-0.57,108,-0.54,128,0.02,73,-0.05,112
"649","Rice","4","3-1","2-1",-0.56,111,-0.5,124,0.01,72,-0.06,113
"650","Rice","5","3-2","2-2",-0.54,104,-0.5,128,0,68,-0.03,97
"651","Rice","6","3-3","2-3",-0.63,111,-0.45,121,-0.12,88,-0.05,110
"652","Rutgers","0","0-0","0-0",0.12,50,0.02,47,0.03,69,0.07,13
"653","Rutgers","1","1-0","1-0",0.11,53,0.12,29,-0.1,95,0.11,4
"654","Rutgers","2","2-0","2-0",0.23,46,0.27,16,-0.11,95,0.11,5
"655","Rutgers","3","3-0","2-0",0.24,47,0.28,19,-0.11,91,0.11,3
"656","Rutgers","4","3-1","2-1",0.22,47,0.38,14,-0.21,101,0.06,19
"657","Rutgers","5","3-2","2-2",0.22,47,0.44,11,-0.24,111,0.04,37
"658","Rutgers","6","3-2","2-2",0.2,49,0.43,11,-0.26,106,0.04,31
"659","Sam Houston","0","0-1","0-1",-0.54,107,-0.51,126,0.02,72,-0.05,110
"660","Sam Houston","1","0-2","0-2",-0.64,114,-0.47,120,-0.08,91,-0.07,121
"661","Sam Houston","2","0-3","0-3",-0.8,122,-0.57,130,-0.13,99,-0.07,119
"662","Sam Houston","3","0-3","0-3",-0.8,121,-0.57,132,-0.13,95,-0.07,119
"663","Sam Houston","4","0-4","0-4",-0.94,129,-0.56,131,-0.31,116,-0.06,112
"664","Sam Houston","5","0-4","0-4",-0.94,129,-0.57,131,-0.29,116,-0.06,113
"665","Sam Houston","6","0-5","0-5",-1.12,134,-0.63,134,-0.41,125,-0.08,122
"666","San Diego State","0","0-0","0-0",-0.61,115,-0.51,127,-0.14,103,0.03,37
"667","San Diego State","1","1-0","0-0",-0.61,111,-0.51,126,-0.14,104,0.03,41
"668","San Diego State","2","1-1","0-1",-0.65,114,-0.53,127,-0.1,93,-0.01,79
"669","San Diego State","3","1-1","0-1",-0.71,115,-0.55,130,-0.14,98,-0.02,79
"670","San Diego State","4","2-1","1-1",-0.44,97,-0.52,127,0.04,63,0.03,47
"671","San Diego State","5","3-1","2-1",-0.39,91,-0.56,130,0.14,46,0.03,45
"672","San Diego State","6","4-1","3-1",-0.25,80,-0.38,108,0.09,53,0.03,37
"673","San Jose State","0","0-0","0-0",-0.3,87,-0.19,86,0.01,73,-0.11,134
"674","San Jose State","1","0-1","0-1",-0.38,97,-0.27,99,0,76,-0.12,133
"675","San Jose State","2","0-2","0-2",-0.36,96,-0.31,101,0.04,66,-0.11,132
"676","San Jose State","3","0-2","0-2",-0.41,94,-0.35,103,0.03,70,-0.11,131
"677","San Jose State","4","1-2","0-2",-0.39,91,-0.34,103,0.05,62,-0.11,131
"678","San Jose State","5","1-3","0-3",-0.38,89,-0.28,97,-0.01,71,-0.11,131
"679","San Jose State","6","2-3","1-3",-0.37,88,-0.19,85,-0.07,82,-0.12,130
"680","SMU","0","0-0","0-0",0.5,26,0.13,30,0.33,24,0.04,27
"681","SMU","1","1-0","0-0",0.5,28,0.13,28,0.33,25,0.04,29
"682","SMU","2","1-1","0-1",0.45,31,0.16,30,0.23,39,0.06,23
"683","SMU","3","2-1","1-1",0.36,36,0.1,39,0.22,39,0.04,34
"684","SMU","4","2-2","1-2",0.32,40,0.12,42,0.15,44,0.05,32
"685","SMU","5","2-2","1-2",0.32,39,0.12,43,0.15,44,0.05,32
"686","SMU","6","3-2","2-2",0.33,40,0.1,43,0.21,41,0.04,36
"687","South Alabama","0","0-0","0-0",-0.21,82,-0.15,77,0,75,-0.07,124
"688","South Alabama","1","1-0","0-0",-0.21,83,-0.15,78,0,75,-0.07,124
"689","South Alabama","2","1-1","0-1",-0.15,78,-0.05,64,-0.04,85,-0.07,120
"690","South Alabama","3","1-2","0-2",-0.19,80,0,53,-0.11,92,-0.08,124
"691","South Alabama","4","1-3","0-3",-0.41,94,-0.11,73,-0.18,100,-0.11,130
"692","South Alabama","5","1-4","0-4",-0.45,97,-0.1,71,-0.23,106,-0.11,130
"693","South Alabama","6","1-5","0-5",-0.53,102,-0.12,71,-0.29,113,-0.1,126
"694","South Carolina","0","0-0","0-0",0.54,24,0.02,49,0.44,15,0.08,11
"695","South Carolina","1","1-0","1-0",0.59,18,0.05,46,0.46,12,0.09,8
"696","South Carolina","2","2-0","1-0",0.57,22,0.02,54,0.46,11,0.09,9
"697","South Carolina","3","2-1","1-1",0.33,40,-0.12,75,0.38,18,0.08,12
"698","South Carolina","4","2-2","1-2",0.33,38,-0.1,71,0.33,27,0.09,6
"699","South Carolina","5","3-2","2-2",0.47,30,-0.01,57,0.42,16,0.08,12
"700","South Carolina","6","3-2","2-2",0.46,34,-0.02,61,0.41,19,0.08,15
"701","South Florida","0","0-0","0-0",-0.42,100,-0.3,104,-0.15,106,0.02,43
"702","South Florida","1","1-0","1-0",-0.14,76,-0.19,86,0.03,70,0.03,43
"703","South Florida","2","2-0","2-0",-0.01,68,-0.15,80,0.11,52,0.02,51
"704","South Florida","3","2-1","2-1",-0.07,68,-0.16,83,0.08,60,0.02,54
"705","South Florida","4","3-1","2-1",-0.07,70,-0.17,80,0.08,55,0.02,51
"706","South Florida","5","3-1","2-1",-0.05,71,-0.15,78,0.08,55,0.02,51
"707","South Florida","6","4-1","3-1",-0.01,68,-0.17,80,0.14,45,0.01,57
"708","Southern Mississippi","0","0-0","0-0",-1.12,133,-0.69,135,-0.4,127,-0.04,108
"709","Southern Mississippi","1","0-1","0-1",-1.13,134,-0.7,135,-0.38,125,-0.06,116
"710","Southern Mississippi","2","1-1","0-1",-1.11,134,-0.69,135,-0.38,124,-0.06,113
"711","Southern Mississippi","3","2-1","1-1",-0.83,124,-0.55,131,-0.22,110,-0.06,115
"712","Southern Mississippi","4","2-2","1-2",-0.84,124,-0.54,130,-0.23,109,-0.07,116
"713","Southern Mississippi","5","3-2","2-2",-0.64,113,-0.43,115,-0.15,96,-0.06,115
"714","Southern Mississippi","6","3-2","2-2",-0.65,112,-0.44,118,-0.16,95,-0.05,109
"715","Stanford","0","0-1","0-1",-0.32,91,-0.27,99,-0.09,96,0.02,46
"716","Stanford","1","0-1","0-1",-0.34,95,-0.26,97,-0.11,98,0.02,51
"717","Stanford","2","0-2","0-2",-0.36,97,-0.34,106,-0.03,84,-0.01,70
"718","Stanford","3","1-2","1-2",-0.26,85,-0.31,99,0.06,62,-0.01,73
"719","Stanford","4","1-3","1-3",-0.33,87,-0.26,97,-0.07,87,-0.01,71
"720","Stanford","5","2-3","2-3",-0.32,83,-0.22,90,-0.11,91,0,62
"721","Stanford","6","2-3","2-3",-0.35,86,-0.24,91,-0.11,87,-0.01,72
"722","Syracuse","0","0-0","0-0",0.1,52,0.18,23,-0.02,82,-0.06,118
"723","Syracuse","1","0-1","0-1",0.07,56,0.2,21,-0.06,86,-0.04,107
"724","Syracuse","2","1-1","1-1",0.01,64,0.12,34,-0.05,87,-0.05,109
"725","Syracuse","3","2-1","1-1",0,66,0.08,44,-0.01,79,-0.05,104
"726","Syracuse","4","3-1","2-1",0.15,52,0.14,38,0.06,59,-0.01,79
"727","Syracuse","5","3-2","2-2",-0.03,70,0.02,55,-0.01,74,-0.01,73
"728","Syracuse","6","3-3","2-3",0,67,-0.05,64,0.05,63,0.02,51
"729","TCU","0","0-0","0-0",0.41,33,0.26,16,0.12,57,0.03,33
"730","TCU","1","1-0","1-0",0.61,17,0.31,11,0.25,34,0.03,37
"731","TCU","2","1-0","1-0",0.61,16,0.32,12,0.24,35,0.04,34
"732","TCU","3","2-0","1-0",0.61,18,0.32,14,0.24,36,0.04,41
"733","TCU","4","3-0","2-0",0.65,20,0.38,15,0.23,36,0.03,48
"734","TCU","5","3-1","2-1",0.64,20,0.34,17,0.24,36,0.04,35
"735","TCU","6","4-1","3-1",0.64,20,0.33,19,0.25,35,0.05,30
"736","Temple","0","0-0","0-0",-0.83,124,-0.59,132,-0.19,111,-0.06,119
"737","Temple","1","1-0","1-0",-0.69,121,-0.47,118,-0.16,107,-0.08,125
"738","Temple","2","2-0","1-0",-0.69,118,-0.47,120,-0.16,104,-0.08,121
"739","Temple","3","2-1","1-1",-0.75,118,-0.46,119,-0.18,106,-0.1,128
"740","Temple","4","2-2","1-2",-0.73,115,-0.42,114,-0.21,104,-0.1,127
"741","Temple","5","2-2","1-2",-0.73,115,-0.42,113,-0.22,105,-0.09,122
"742","Temple","6","3-2","2-2",-0.62,110,-0.36,105,-0.19,97,-0.07,115
"743","Tennessee","0","0-0","0-0",0.77,10,0.21,20,0.46,12,0.09,5
"744","Tennessee","1","1-0","1-0",0.79,10,0.26,17,0.43,15,0.08,10
"745","Tennessee","2","2-0","1-0",0.78,10,0.26,18,0.42,16,0.08,10
"746","Tennessee","3","2-1","1-1",0.83,9,0.39,8,0.36,20,0.07,16
"747","Tennessee","4","3-1","2-1",0.91,10,0.47,7,0.39,18,0.06,21
"748","Tennessee","5","4-1","3-1",0.84,11,0.41,13,0.42,17,0.01,58
"749","Tennessee","6","4-1","3-1",0.84,12,0.43,12,0.4,22,0.01,60
"750","Texas","0","0-0","0-0",1.06,6,0.34,11,0.66,3,0.06,19
"751","Texas","1","0-1","0-1",1.08,5,0.29,13,0.71,2,0.06,16
"752","Texas","2","1-1","1-1",1.04,5,0.25,19,0.73,2,0.06,20
"753","Texas","3","2-1","2-1",0.91,7,0.15,31,0.69,2,0.07,17
"754","Texas","4","3-1","3-1",1.01,7,0.26,22,0.69,2,0.07,15
"755","Texas","5","3-1","3-1",1.02,7,0.28,22,0.69,2,0.07,19
"756","Texas","6","3-2","3-2",0.86,11,0.22,25,0.59,4,0.06,22
"757","Texas A&M","0","0-0","0-0",0.63,13,0.14,28,0.41,17,0.09,8
"758","Texas A&M","1","1-0","1-0",0.66,14,0.17,23,0.35,22,0.13,1
"759","Texas A&M","2","2-0","2-0",0.68,12,0.21,22,0.34,24,0.12,1
"760","Texas A&M","3","3-0","3-0",0.77,13,0.34,10,0.34,21,0.08,9
"761","Texas A&M","4","3-0","3-0",0.77,15,0.33,16,0.35,22,0.08,9
"762","Texas A&M","5","4-0","4-0",0.8,13,0.25,24,0.48,11,0.07,16
"763","Texas A&M","6","5-0","5-0",0.9,9,0.29,22,0.56,5,0.06,24
"764","Texas State","0","0-0","0-0",-0.16,78,-0.11,71,-0.06,88,-0.03,94
"765","Texas State","1","1-0","1-0",-0.01,69,0.08,40,-0.09,94,-0.02,84
"766","Texas State","2","2-0","2-0",0,67,0.13,33,-0.14,101,-0.01,77
"767","Texas State","3","2-1","2-1",-0.11,70,0.09,42,-0.2,107,-0.02,78
"768","Texas State","4","3-1","2-1",-0.1,72,0.1,47,-0.21,103,-0.01,76
"769","Texas State","5","3-1","2-1",-0.11,73,0.09,47,-0.21,100,-0.01,79
"770","Texas State","6","3-2","2-2",-0.24,78,0.03,51,-0.29,114,-0.01,78
"771","Texas Tech","0","0-0","0-0",0.25,42,0.01,51,0.21,41,0.03,32
"772","Texas Tech","1","1-0","0-0",0.25,41,0.01,53,0.21,41,0.03,38
"773","Texas Tech","2","2-0","1-0",0.37,37,0.01,55,0.33,26,0.04,32
"774","Texas Tech","3","3-0","2-0",0.58,22,0.11,38,0.44,14,0.04,40
"775","Texas Tech","4","4-0","3-0",0.67,18,0.11,43,0.53,6,0.05,31
"776","Texas Tech","5","4-0","3-0",0.7,17,0.12,44,0.56,4,0.05,31
"777","Texas Tech","6","5-0","4-0",0.78,15,0.16,36,0.6,3,0.03,43
"778","Toledo","0","0-0","0-0",-0.21,81,-0.29,102,0.13,56,-0.03,99
"779","Toledo","1","0-1","0-1",-0.18,79,-0.29,102,0.14,56,-0.03,91
"780","Toledo","2","1-1","1-1",0.08,61,-0.14,79,0.24,34,-0.03,93
"781","Toledo","3","2-1","1-1",0.08,57,-0.13,77,0.24,35,-0.03,93
"782","Toledo","4","2-2","1-2",0,65,-0.24,94,0.22,39,0.02,55
"783","Toledo","5","3-2","2-2",0.1,56,-0.17,82,0.22,38,0.03,44
"784","Toledo","6","3-2","2-2",0.09,59,-0.17,82,0.22,38,0.02,52
"785","Troy","0","0-0","0-0",-0.42,99,-0.26,97,-0.09,97,-0.08,129
"786","Troy","1","1-0","0-0",-0.42,98,-0.26,95,-0.09,93,-0.08,128
"787","Troy","2","1-1","0-1",-0.34,93,-0.26,97,-0.01,80,-0.09,126
"788","Troy","3","1-2","0-2",-0.41,96,-0.38,107,0.02,72,-0.08,122
"789","Troy","4","2-2","1-2",-0.42,95,-0.4,112,0.02,64,-0.07,119
"790","Troy","5","2-2","1-2",-0.44,94,-0.41,110,0.01,66,-0.06,114
"791","Troy","6","3-2","2-2",-0.38,89,-0.39,112,0.05,62,-0.06,111
"792","Tulane","0","0-0","0-0",0.24,44,0.06,41,0.18,45,0.02,48
"793","Tulane","1","1-0","1-0",0.32,38,0.07,42,0.24,36,0.02,45
"794","Tulane","2","2-0","2-0",0.27,43,0.11,38,0.15,49,0.03,47
"795","Tulane","3","3-0","3-0",0.25,46,0.14,32,0.09,56,0.04,33
"796","Tulane","4","3-1","3-1",0.07,58,0.07,49,0.02,67,0.02,53
"797","Tulane","5","4-1","4-1",0.03,64,0.04,51,0.03,61,0,66
"798","Tulane","6","4-1","4-1",0.04,62,0.02,54,0.06,60,0,65
"799","Tulsa","0","0-0","0-0",-0.94,127,-0.61,133,-0.31,121,-0.06,117
"800","Tulsa","1","1-0","0-0",-0.94,127,-0.61,133,-0.31,122,-0.06,117
"801","Tulsa","2","1-1","0-1",-1.01,128,-0.65,133,-0.3,120,-0.09,127
"802","Tulsa","3","1-2","0-2",-1.05,133,-0.64,135,-0.35,124,-0.08,121
"803","Tulsa","4","2-2","1-2",-0.89,127,-0.62,135,-0.23,108,-0.05,110
"804","Tulsa","5","2-3","1-3",-0.85,127,-0.64,135,-0.19,99,-0.04,105
"805","Tulsa","6","2-4","1-4",-0.91,128,-0.66,135,-0.22,102,-0.05,108
"806","UAB","0","0-0","0-0",-0.58,112,-0.31,105,-0.27,119,0,63
"807","UAB","1","1-0","0-0",-0.58,109,-0.31,103,-0.27,120,0,66
"808","UAB","2","1-1","0-1",-0.58,110,-0.23,92,-0.36,122,-0.01,75
"809","UAB","3","2-1","1-1",-0.63,111,-0.27,97,-0.4,126,0.02,56
"810","UAB","4","2-2","1-2",-0.68,113,-0.29,98,-0.46,130,0.04,36
"811","UAB","5","2-2","1-2",-0.71,114,-0.3,100,-0.47,127,0.03,46
"812","UAB","6","2-3","1-3",-0.75,118,-0.33,103,-0.4,121,-0.04,102
"813","UCF","0","0-0","0-0",0.23,46,0.19,21,0.08,63,-0.05,112
"814","UCF","1","1-0","1-0",0.22,45,0.16,25,0.11,59,-0.05,112
"815","UCF","2","2-0","1-0",0.23,45,0.16,29,0.12,50,-0.05,110
"816","UCF","3","2-0","1-0",0.22,49,0.15,30,0.12,49,-0.06,114
"817","UCF","4","3-0","2-0",0.31,41,0.19,30,0.15,43,-0.03,98
"818","UCF","5","3-1","2-1",0.2,49,0.12,41,0.09,51,-0.02,90
"819","UCF","6","3-2","2-2",0.16,53,0.04,49,0.12,48,-0.01,76
"820","UCLA","0","0-0","0-0",0.2,47,0.03,45,0.18,44,0.01,60
"821","UCLA","1","0-1","0-1",0.03,65,0.05,44,-0.01,78,0.02,52
"822","UCLA","2","0-2","0-2",-0.03,72,0.07,46,-0.12,96,0.03,45
"823","UCLA","3","0-3","0-3",-0.25,83,-0.08,68,-0.21,108,0.04,37
"824","UCLA","4","0-3","0-3",-0.27,81,-0.09,68,-0.21,105,0.04,39
"825","UCLA","5","0-4","0-4",-0.32,82,-0.09,70,-0.3,118,0.06,20
"826","UCLA","6","1-4","1-4",-0.14,74,0.03,53,-0.27,109,0.09,10
"827","UL Monroe","0","0-0","0-0",-0.67,118,-0.44,118,-0.18,108,-0.07,122
"828","UL Monroe","1","1-0","0-0",-0.67,117,-0.44,115,-0.18,110,-0.07,123
"829","UL Monroe","2","1-1","0-1",-0.84,123,-0.47,121,-0.3,119,-0.1,129
"830","UL Monroe","3","1-1","0-1",-0.83,122,-0.47,121,-0.28,117,-0.1,129
"831","UL Monroe","4","2-1","1-1",-0.8,120,-0.39,110,-0.31,117,-0.1,128
"832","UL Monroe","5","3-1","2-1",-0.73,116,-0.34,102,-0.24,110,-0.13,133
"833","UL Monroe","6","3-2","2-2",-0.89,127,-0.3,100,-0.4,124,-0.16,135
"834","UNLV","0","1-0","0-0",-0.03,67,-0.15,76,0.13,54,0,62
"835","UNLV","1","2-0","1-0",0.08,55,-0.05,62,0.1,60,0.02,47
"836","UNLV","2","3-0","2-0",0.1,57,0.03,53,0.07,60,0.02,55
"837","UNLV","3","3-0","2-0",0.08,58,0.02,51,0.05,67,0.02,57
"838","UNLV","4","4-0","3-0",0.02,62,0.04,51,-0.01,76,0,68
"839","UNLV","5","4-0","3-0",0.01,66,0.03,53,-0.01,75,0,64
"840","UNLV","6","5-0","4-0",0.02,64,-0.01,57,0,73,0.04,34
"841","USC","0","0-0","0-0",0.61,14,0.4,9,0.18,46,0.04,28
"842","USC","1","1-0","1-0",0.72,11,0.51,4,0.19,46,0.01,58
"843","USC","2","2-0","2-0",0.79,9,0.62,3,0.15,47,0.01,61
"844","USC","3","3-0","3-0",0.81,10,0.62,4,0.17,43,0,64
"845","USC","4","4-0","4-0",0.8,13,0.69,3,0.1,51,0.01,60
"846","USC","5","4-1","4-1",0.74,15,0.71,2,0.03,62,0.01,59
"847","USC","6","4-1","4-1",0.75,16,0.71,2,0.03,68,0,69
"848","Utah","0","0-0","0-0",0.39,34,-0.2,91,0.53,9,0.04,26
"849","Utah","1","1-0","1-0",0.56,24,-0.01,55,0.51,9,0.03,39
"850","Utah","2","2-0","1-0",0.56,23,-0.02,58,0.51,7,0.03,43
"851","Utah","3","3-0","2-0",0.54,24,0.06,46,0.46,9,-0.01,72
"852","Utah","4","3-1","2-1",0.45,30,0,55,0.44,10,-0.02,88
"853","Utah","5","4-1","3-1",0.61,22,0.17,33,0.42,15,-0.02,89
"854","Utah","6","4-1","3-1",0.64,22,0.18,33,0.44,15,-0.02,92
"855","Utah State","0","0-0","0-0",-0.55,109,-0.16,78,-0.35,124,-0.05,111
"856","Utah State","1","1-0","1-0",-0.54,105,-0.18,84,-0.33,124,-0.03,92
"857","Utah State","2","1-1","1-1",-0.56,107,-0.17,85,-0.37,123,-0.01,78
"858","Utah State","3","2-1","2-1",-0.38,92,-0.02,55,-0.35,123,-0.03,91
"859","Utah State","4","3-1","2-1",-0.39,89,-0.04,62,-0.32,119,-0.03,92
"860","Utah State","5","3-2","2-2",-0.42,93,-0.03,60,-0.36,122,-0.03,102
"861","Utah State","6","3-2","2-2",-0.4,91,-0.02,60,-0.35,118,-0.04,103
"862","UTEP","0","0-0","0-0",-0.97,128,-0.65,134,-0.24,116,-0.07,123
"863","UTEP","1","0-1","0-1",-0.98,128,-0.67,134,-0.23,114,-0.09,130
"864","UTEP","2","1-1","0-1",-0.98,127,-0.67,134,-0.22,112,-0.09,125
"865","UTEP","3","1-2","0-2",-0.83,123,-0.64,134,-0.1,90,-0.1,130
"866","UTEP","4","1-3","0-3",-0.84,123,-0.61,134,-0.14,96,-0.11,129
"867","UTEP","5","1-4","0-4",-0.84,125,-0.7,136,-0.05,83,-0.1,127
"868","UTEP","6","1-4","0-4",-0.88,126,-0.74,136,-0.05,80,-0.1,127
"869","UTSA","0","0-0","0-0",-0.27,85,-0.22,93,-0.08,93,0.02,45
"870","UTSA","1","0-1","0-1",-0.3,90,-0.16,80,-0.11,99,-0.03,93
"871","UTSA","2","0-2","0-2",-0.29,87,-0.12,76,-0.13,100,-0.04,103
"872","UTSA","3","1-2","0-2",-0.3,87,-0.13,76,-0.12,94,-0.05,108
"873","UTSA","4","2-2","1-2",-0.32,84,-0.17,81,-0.09,92,-0.04,101
"874","UTSA","5","2-2","1-2",-0.33,84,-0.16,79,-0.12,94,-0.04,106
"875","UTSA","6","2-3","1-3",-0.44,92,-0.23,89,-0.15,93,-0.06,112
"876","Vanderbilt","0","0-0","0-0",0.03,64,0,52,-0.06,90,0.09,10
"877","Vanderbilt","1","1-0","0-0",0.03,64,0,54,-0.06,85,0.09,9
"878","Vanderbilt","2","2-0","1-0",0.18,48,0.17,26,-0.05,88,0.07,16
"879","Vanderbilt","3","3-0","2-0",0.36,35,0.25,23,0.06,65,0.07,18
"880","Vanderbilt","4","4-0","3-0",0.55,25,0.4,13,0.07,56,0.08,12
"881","Vanderbilt","5","5-0","4-0",0.67,18,0.48,8,0.11,49,0.08,8
"882","Vanderbilt","6","5-1","4-1",0.68,18,0.51,8,0.1,52,0.08,11
"883","Virginia","0","0-0","0-0",-0.12,75,-0.17,80,0.03,67,0,64
"884","Virginia","1","1-0","1-0",0.1,54,-0.07,66,0.12,58,0.04,30
"885","Virginia","2","1-1","1-1",0.08,59,0.04,52,-0.01,79,0.04,30
"886","Virginia","3","2-1","1-1",0.06,59,0.03,50,-0.03,83,0.04,36
"887","Virginia","4","3-1","2-1",0.18,50,0.19,31,-0.06,85,0.04,38
"888","Virginia","5","4-1","3-1",0.3,42,0.27,23,-0.04,80,0.05,23
"889","Virginia","6","5-1","4-1",0.37,37,0.26,24,0.03,67,0.07,18
"890","Virginia Tech","0","0-0","0-0",0.28,41,-0.1,69,0.3,27,0.06,17
"891","Virginia Tech","1","0-1","0-1",0.23,44,-0.13,75,0.27,32,0.06,21
"892","Virginia Tech","2","0-2","0-2",0.09,58,-0.13,78,0.11,51,0.07,15
"893","Virginia Tech","3","0-3","0-3",-0.15,77,-0.15,80,-0.07,88,0.03,50
"894","Virginia Tech","4","1-3","0-3",-0.12,74,-0.15,77,-0.05,83,0.03,42
"895","Virginia Tech","5","2-3","1-3",-0.07,72,-0.1,72,-0.03,78,0.02,52
"896","Virginia Tech","6","2-4","1-4",-0.12,72,-0.14,75,-0.04,77,0.02,48
"897","Wake Forest","0","0-0","0-0",-0.06,71,-0.04,59,-0.01,78,-0.01,81
"898","Wake Forest","1","1-0","1-0",-0.22,84,-0.17,81,-0.05,84,0,64
"899","Wake Forest","2","2-0","1-0",-0.22,81,-0.18,87,-0.04,86,0,64
"900","Wake Forest","3","2-1","1-1",-0.25,82,-0.22,92,-0.06,85,0.03,51
"901","Wake Forest","4","2-1","1-1",-0.24,79,-0.23,91,-0.04,80,0.02,50
"902","Wake Forest","5","2-2","1-2",-0.18,75,-0.19,86,0.02,65,-0.01,74
"903","Wake Forest","6","3-2","2-2",-0.12,73,-0.19,87,0.07,55,-0.02,83
"904","Washington","0","0-0","0-0",0.42,32,0.18,24,0.3,29,-0.03,98
"905","Washington","1","1-0","1-0",0.43,33,0.27,16,0.22,39,-0.04,106
"906","Washington","2","2-0","1-0",0.43,33,0.27,17,0.22,40,-0.04,107
"907","Washington","3","2-0","1-0",0.43,30,0.27,21,0.22,41,-0.04,102
"908","Washington","4","3-0","2-0",0.56,24,0.43,11,0.15,42,-0.02,89
"909","Washington","5","3-1","2-1",0.53,28,0.42,12,0.12,48,0,63
"910","Washington","6","4-1","3-1",0.52,28,0.4,13,0.11,50,0.01,62
"911","Washington State","0","0-0","0-0",0.04,62,0.08,39,0.02,70,-0.06,120
"912","Washington State","1","1-0","0-0",0.04,63,0.08,39,0.02,73,-0.06,118
"913","Washington State","2","2-0","1-0",0.08,60,0.04,49,0.05,65,-0.02,83
"914","Washington State","3","2-1","1-1",-0.24,81,-0.16,84,-0.04,84,-0.04,99
"915","Washington State","4","2-2","1-2",-0.31,82,-0.1,72,-0.16,98,-0.05,109
"916","Washington State","5","3-2","2-2",-0.23,79,-0.07,65,-0.12,93,-0.03,98
"917","Washington State","6","3-2","2-2",-0.23,77,-0.11,69,-0.08,83,-0.03,96
"918","West Virginia","0","0-0","0-0",0.05,60,0.09,35,-0.07,92,0.03,29
"919","West Virginia","1","1-0","0-0",0.05,61,0.09,35,-0.07,89,0.03,32
"920","West Virginia","2","1-1","0-1",-0.02,69,-0.06,68,0,75,0.03,37
"921","West Virginia","3","2-1","1-1",0.05,61,-0.06,66,0.08,57,0.02,58
"922","West Virginia","4","2-2","1-2",-0.09,71,-0.17,82,0.11,47,-0.03,97
"923","West Virginia","5","2-3","1-3",-0.22,78,-0.19,85,0.01,67,-0.06,112
"924","West Virginia","6","2-4","1-4",-0.25,79,-0.2,88,-0.02,75,-0.04,101
"925","Western Kentucky","0","1-0","1-0",-0.19,79,-0.06,61,-0.09,95,-0.03,93
"926","Western Kentucky","1","2-0","1-0",-0.2,81,-0.09,71,-0.09,92,-0.03,94
"927","Western Kentucky","2","2-1","1-1",-0.46,99,-0.18,89,-0.24,114,-0.03,97
"928","Western Kentucky","3","2-1","1-1",-0.46,101,-0.18,87,-0.24,111,-0.03,95
"929","Western Kentucky","4","3-1","2-1",-0.46,102,-0.21,89,-0.23,106,-0.01,80
"930","Western Kentucky","5","4-1","3-1",-0.49,102,-0.22,91,-0.25,114,-0.01,71
"931","Western Kentucky","6","5-1","4-1",-0.55,104,-0.26,95,-0.27,108,0.01,59
"932","Western Michigan","0","0-0","0-0",-0.49,104,-0.18,82,-0.3,120,0.01,59
"933","Western Michigan","1","0-1","0-1",-0.54,106,-0.28,100,-0.23,115,-0.01,75
"934","Western Michigan","2","0-2","0-2",-0.54,105,-0.34,105,-0.24,113,0.04,31
"935","Western Michigan","3","0-3","0-3",-0.59,110,-0.38,108,-0.25,113,0.03,47
"936","Western Michigan","4","1-3","1-3",-0.5,103,-0.38,109,-0.1,93,-0.02,83
"937","Western Michigan","5","2-3","1-3",-0.47,98,-0.38,105,-0.07,87,-0.01,83
"938","Western Michigan","6","3-3","2-3",-0.46,93,-0.39,110,0.01,69,-0.06,113
"939","Wisconsin","0","0-0","0-0",0.44,29,-0.01,55,0.38,20,0.07,15
"940","Wisconsin","1","1-0","1-0",0.48,30,-0.02,57,0.45,13,0.06,17
"941","Wisconsin","2","2-0","2-0",0.47,30,0,56,0.44,13,0.05,24
"942","Wisconsin","3","2-1","2-1",0.31,42,-0.04,60,0.28,32,0.09,7
"943","Wisconsin","4","2-2","2-2",0.13,55,-0.15,78,0.25,35,0.05,24
"944","Wisconsin","5","2-2","2-2",0.13,54,-0.15,77,0.25,35,0.05,27
"945","Wisconsin","6","2-3","2-3",0.1,58,-0.16,78,0.21,40,0.06,23
"946","Wyoming","0","0-0","0-0",-0.49,105,-0.47,120,0,77,-0.01,84
"947","Wyoming","1","1-0","1-0",-0.48,102,-0.54,129,0.08,62,-0.02,85
"948","Wyoming","2","2-0","1-0",-0.51,103,-0.56,128,0.09,58,-0.03,99
"949","Wyoming","3","2-1","1-1",-0.5,104,-0.53,127,0.04,68,-0.01,69
"950","Wyoming","4","2-2","1-2",-0.56,110,-0.45,118,-0.09,91,0,67
"951","Wyoming","5","2-2","1-2",-0.55,108,-0.48,123,-0.06,85,0,65
"952","Wyoming","6","2-3","1-3",-0.55,105,-0.49,126,0,72,-0.05,107
